cement_kg_m3,blast_furnace_slag_kg_m3,fly_ash_kg_m3,water_kg_m3,superplasticizer_kg_m3,coarse_aggregate_kg_m3,fine_aggregate_kg_m3,age_days,compressive_strength_mpa,cement_type
266.0,114.0,0.0,228.0,0.0,932.0,670.0,365.0,53.18534869755795,Type I
362.6,189.0,0.0,164.9,11.6,944.7,755.8,7.0,54.831452272792596,Type I
389.9,189.0,0.0,145.9,22.0,944.7,755.8,28.0,75.05083201217866,Type II
362.6,189.0,0.0,164.9,11.6,944.7,755.8,3.0,34.61825912229228,Type III
145.0,0.0,179.0,202.0,8.0,824.0,869.0,28.0,10.386505240378446,Type II
276.4,116.0,90.3,179.6,8.9,870.1,768.3,28.0,43.74448584336207,Type I
149.0,139.0,109.0,193.0,6.0,892.0,780.0,28.0,23.462998001311153,Type I
251.81,0.0,99.94,146.14,12.35,1006.0,899.76,100.0,45.48205814410285,Type I
212.57,0.0,100.39,159.35,10.37,1003.8,903.79,28.0,37.13727284678041,Type III
393.0,0.0,0.0,192.0,0.0,940.6,785.6,90.0,48.26049981928168,Type III
313.0,0.0,0.0,178.0,8.0,1000.0,822.0,28.0,24.973734698742728,Type I
170.3,155.5,0.0,185.7,0.0,1026.6,724.3,7.0,11.534705415867187,Type II
469.0,117.2,0.0,137.8,32.2,852.1,840.5,3.0,40.74838947165813,Type II
323.7,282.8,0.0,183.8,10.3,942.7,659.9,7.0,49.718035774841184,Type II
173.54,50.05,173.53,,6.47,1006.2,793.5,14.0,32.433706463963134,Type I
228.0,342.1,0.0,185.7,,955.8,674.3,7.0,22.43510691352313,Type II
318.0,0.0,126.0,210.0,6.0,861.0,737.0,28.0,39.66913707858978,Type III
250.2,166.8,0.0,203.5,0.0,977.6,694.1,7.0,19.854879834297982,Type I
273.0,105.0,82.0,210.0,9.0,904.0,680.0,28.0,36.165922729627496,Type I
165.0,128.5,132.1,175.06,8.08,1005.8,746.6,14.0,33.016879971529725,Type II
272.8,181.9,0.0,185.7,0.0,1012.4,714.3,28.0,31.79561498509231,Type I
165.0,0.02,143.57,163.81,0.0,1005.6,900.9,100.0,37.69337029311647,Type I
295.71,0.0,95.64,171.54,8.87,955.14,859.2,56.0,48.83476753147008,Type I
166.8,250.2,0.0,203.5,0.0,975.6,692.6,3.0,7.257618787148893,Type I
214.9,53.8,121.89,155.63,9.61,1014.3,780.58,14.0,38.80167113054796,Type I
249.1,0.0,98.75,158.11,12.8,987.76,889.01,28.0,31.29916501738066,Type II
225.0,0.0,0.0,181.0,0.0,1113.0,833.0,7.0,11.2910135610272,Type I
313.0,145.0,0.0,178.0,8.0,1002.0,689.0,28.0,40.91707816334513,Type II
213.5,0.0,174.24,159.21,,1043.6,771.9,100.0,54.58019804479736,Type I
339.0,0.0,0.0,197.0,0.0,968.0,781.0,3.0,13.769580515301849,Type I
405.0,0.0,0.0,175.0,0.0,1120.0,695.0,28.0,51.80867046372399,Type I
393.0,0.0,0.0,192.0,0.0,940.6,785.6,,39.83706532377329,Type III
203.5,305.3,0.0,203.5,,963.4,630.0,90.0,52.871401227230315,Type III
246.83,0.0,125.08,143.3,11.99,1086.8,800.89,,67.0897873709942,Type I
167.35,129.9,128.62,175.46,7.79,1006.3,746.6,3.0,13.897706090814458,Type I
332.5,142.5,0.0,228.0,0.0,932.0,594.0,28.0,33.199836170623506,Type I
212.52,0.0,100.37,159.32,8.71,1007.8,903.59,28.0,31.38916154359423,Type III
266.2,112.3,87.5,177.9,10.4,909.7,744.5,28.0,39.18059679045326,Type I
133.0,200.0,0.0,192.0,0.0,927.4,839.2,7.0,14.044458695155738,Type II
297.16,0.0,117.54,174.8,9.52,1022.8,753.45,56.0,52.49310102684701,Type I
300.0,0.0,0.0,184.0,0.0,1075.0,795.0,7.0,15.130103915990063,Type I
116.0,173.0,0.0,192.0,0.0,909.8,891.9,3.0,6.2339647806932055,Type I
198.6,132.4,0.0,192.0,0.0,978.4,825.5,90.0,38.66761098208866,Type I
387.0,20.0,94.0,,14.32,938.0,845.0,28.0,50.307753232979685,Type III
229.97,0.0,118.31,195.47,4.63,1029.4,758.59,3.0,9.843725437537502,Type I
374.0,189.2,0.0,170.1,10.1,926.1,756.7,56.0,63.43638973148482,Type III
385.0,0.0,136.0,158.0,20.0,903.0,768.0,28.0,55.38152018036498,Type II
307.0,0.0,0.0,193.0,,968.0,812.0,365.0,35.454115717423264,Type I
302.0,0.0,0.0,203.0,0.0,974.0,817.0,28.0,20.984175401775413,Type II
141.3,212.0,0.0,203.5,0.0,971.8,748.5,3.0,5.009268765872262,Type III
321.0,164.0,0.0,190.0,5.0,870.0,774.0,28.0,57.323497716812106,Type I
236.0,157.0,0.0,192.0,0.0,972.6,749.1,90.0,47.976221754711716,Type I
156.0,178.0,187.0,221.0,7.0,854.0,614.0,28.0,29.120592333291114,Type I
181.9,272.8,0.0,185.7,0.0,1012.4,714.3,,12.613100866374447,Type III
505.0,0.0,60.0,195.0,0.0,1030.0,630.0,28.0,64.31606716879088,Type II
374.0,189.2,0.0,170.1,10.1,926.1,756.7,3.0,34.95888656811524,Type II
212.57,0.0,100.39,159.35,10.37,1003.8,903.79,14.0,25.622837034718284,Type II
252.0,0.0,0.0,185.0,0.0,1111.0,784.0,7.0,13.661506243506555,Type II
190.34,0.0,125.18,,9.88,1079.0,798.9,56.0,32.44220437274309,Type III
252.5,0.0,0.0,185.7,0.0,1111.6,784.3,28.0,19.61005463930755,Type II
266.0,112.0,87.0,178.0,10.0,910.0,745.0,28.0,39.91242603947964,Type III
331.0,0.0,0.0,192.0,0.0,879.0,825.0,,12.945047491723564,Type I
229.97,0.0,118.31,195.47,4.63,1029.4,758.59,100.0,36.291184107386556,Type I
425.0,106.3,0.0,151.4,18.6,936.0,803.7,7.0,46.319278167124644,Type II
212.0,141.3,0.0,203.5,0.0,973.4,750.0,28.0,33.23507898003342,Type III
165.0,0.0,150.0,182.0,12.0,1023.0,729.0,28.0,17.734850021768555,Type II
252.1,97.1,75.6,193.8,8.3,835.5,821.4,28.0,32.85378380592045,Type II
152.0,0.0,112.0,184.0,8.0,992.0,816.0,28.0,11.808545642618377,Type I
233.81,0.0,94.58,197.89,4.567,947.04,852.16,56.0,27.73453771888412,Type III
251.37,0.0,118.27,188.45,6.35,1028.4,757.73,14.0,23.512293556396987,Type III
289.0,0.0,0.0,192.0,0.0,913.2,895.3,3.0,11.491554197406819,Type II
183.9,122.6,0.0,203.5,0.0,959.2,800.0,28.0,24.381930561864525,Type I
254.0,0.0,0.0,198.0,0.0,968.0,863.0,3.0,8.943695189159829,Type I
312.7,0.0,0.0,178.1,8.0,999.7,822.2,28.0,24.318380431437042,Type I
144.0,136.0,106.0,178.0,7.0,941.0,774.0,28.0,25.82001647725128,Type II
222.36,0.0,96.67,189.29,4.46,967.08,870.32,3.0,11.837427358008888,Type I
304.0,76.0,0.0,228.0,0.0,932.0,670.0,365.0,55.299921379188014,Type II
252.31,0.0,98.75,146.25,14.17,987.76,889.01,100.0,60.53370094125277,Type I
491.0,26.0,123.0,201.0,3.93,822.0,699.0,56.0,61.50972168955501,Type III
139.6,209.4,0.0,192.0,0.0,1047.0,806.9,7.0,14.697624647702309,Type II
139.6,209.4,0.0,192.0,0.0,1047.0,806.9,180.0,43.77134162277315,Type I
388.6,97.1,0.0,157.9,12.1,852.1,925.7,7.0,34.83277737527877,Type II
333.0,0.0,0.0,192.0,0.0,931.2,842.6,90.0,41.78624982853709,Type II
238.05,0.0,94.11,186.66,7.0,949.91,847.01,56.0,40.55728894003011,Type III
332.5,142.5,0.0,228.0,0.0,932.0,594.0,365.0,41.20185922499526,Type II
362.6,189.0,0.0,164.9,11.6,944.7,755.8,3.0,36.0009685225729,Type II
142.0,167.0,130.0,174.0,11.0,883.0,785.0,28.0,45.31934934363553,Type III
261.9,110.5,86.1,195.4,5.0,895.2,732.6,28.0,33.84065239185136,Type I
182.04,45.21,121.97,170.21,8.19,1059.4,780.65,14.0,21.480241769580978,Type I
229.97,0.0,118.31,195.47,4.63,1029.4,758.59,14.0,20.0938454048703,Type II
339.0,0.0,0.0,185.0,0.0,1060.0,754.0,28.0,31.277919858169305,Type II
401.8,94.7,0.0,147.4,11.4,946.8,852.1,91.0,75.7105438293149,Type II
190.68,0.0,125.4,162.14,7.77,1090.0,804.01,3.0,14.64188307957372,Type II
331.0,170.0,0.0,195.0,8.0,811.0,802.0,28.0,56.582672495401546,Type I
297.8,137.2,106.9,201.3,6.0,878.4,655.3,28.0,53.49595247949727,Type II
190.0,190.0,0.0,228.0,0.0,932.0,670.0,270.0,50.879849200416146,Type I
212.0,0.0,124.78,159.0,7.84,1085.4,799.54,14.0,30.47665546508587,Type II
213.72,98.05,24.51,181.71,6.86,1065.8,785.38,28.0,46.39853873863142,Type II
393.0,0.0,0.0,192.0,0.0,940.0,758.0,3.0,19.196005541301027,Type II
307.0,0.0,0.0,193.0,,968.0,812.0,90.0,32.18401653623405,Type I
397.0,0.0,0.0,185.7,0.0,1040.6,734.3,7.0,25.256461089193515,Type III
287.0,121.0,94.0,188.0,9.0,904.0,696.0,28.0,42.61636152620657,Type I
237.5,237.5,0.0,228.0,0.0,932.0,594.0,180.0,36.14612511303441,Type I
382.0,0.0,0.0,185.0,0.0,1047.0,739.0,7.0,23.49081190014557,Type III
469.0,117.2,0.0,137.8,32.2,852.1,840.5,91.0,71.11923628106477,Type I
238.1,0.0,0.0,185.7,0.0,1118.8,789.3,7.0,9.851911836744875,Type I
167.0,75.4,167.0,164.03,7.91,1007.3,770.1,100.0,56.95332702514091,Type III
304.8,0.0,99.6,196.0,9.8,959.4,705.2,28.0,30.205353822685286,Type III
213.5,0.0,174.24,159.21,11.66,1043.6,771.9,28.0,44.903355862352726,Type I
313.0,145.0,0.0,127.0,8.0,1000.0,822.0,28.0,44.782733661836154,Type I
139.6,209.4,0.0,192.0,0.0,1047.0,806.9,360.0,44.517308220653,Type I
277.05,0.0,97.39,160.6,11.83,973.9,875.61,56.0,51.01887321447526,Type I
332.5,142.5,0.0,228.0,0.0,932.0,594.0,7.0,30.48380365505073,Type III
194.68,0.0,100.52,165.62,7.48,1006.4,905.9,100.0,37.286265746428526,Type III
359.0,19.0,141.0,154.0,10.91,942.0,801.0,7.0,37.695083560830824,Type I
446.0,24.0,79.0,162.0,11.61,967.0,712.0,56.0,59.908817388515565,Type II
350.0,0.0,0.0,203.0,,974.0,775.0,7.0,18.422607676923665,Type II
162.0,190.1,148.1,178.8,18.8,838.1,741.4,28.0,33.17253093574611,Type I
218.23,54.64,123.78,140.75,11.91,1075.7,792.67,56.0,62.00780086553611,Type I
298.0,137.0,107.0,201.0,6.0,878.0,655.0,28.0,53.46728155705893,Type I
272.8,181.9,0.0,185.7,0.0,1012.4,714.3,7.0,19.78256536637628,Type II
254.0,0.0,0.0,198.0,0.0,968.0,863.0,90.0,27.104484415391475,Type III
213.5,0.0,174.24,154.61,11.66,1052.3,775.48,56.0,51.022941856513995,Type II
350.0,0.0,0.0,203.0,0.0,974.0,775.0,56.0,29.734279558774226,Type I
135.0,105.0,193.0,196.0,6.0,965.0,643.0,28.0,22.065037816343118,Type I
182.04,45.21,121.97,170.21,8.19,1059.4,780.65,,43.66446649230779,Type III
540.0,0.0,0.0,173.0,0.0,1125.0,613.0,14.0,59.332032877517534,Type II
425.0,106.3,0.0,153.5,16.5,852.1,887.1,7.0,49.54047300502964,Type I
288.4,121.0,0.0,177.4,7.0,907.9,829.5,28.0,41.5794617739528,Type II
260.9,100.5,78.3,200.6,8.6,864.5,761.5,28.0,31.91794119850734,Type III
252.0,0.0,0.0,186.0,0.0,1111.0,784.0,7.0,12.197083849358819,Type I
277.05,0.0,97.39,160.6,,973.9,875.61,14.0,43.14144527579221,Type III
200.0,0.0,0.0,180.0,0.0,1125.0,845.0,28.0,12.720101674334822,Type I
439.0,177.0,0.0,186.0,11.1,884.9,707.9,56.0,72.03964398503132,Type I
255.0,0.0,0.0,192.0,,889.8,945.0,3.0,7.6961355105050115,Type III
332.5,142.5,0.0,228.0,0.0,932.0,594.0,270.0,40.571159006285704,Type II
331.0,0.0,0.0,192.0,0.0,1025.0,821.0,28.0,31.99659553465296,Type I
212.07,0.0,121.62,180.31,5.69,1057.6,779.32,100.0,40.154781027108335,Type I
290.35,0.0,96.18,168.08,9.41,961.18,865.0,3.0,23.2377670696393,Type I
156.0,243.0,0.0,180.0,11.0,1022.0,698.0,28.0,37.29661976217782,Type I
172.38,13.61,172.37,156.76,4.14,1006.3,856.4,28.0,33.98934470247441,Type I
322.0,0.0,116.0,196.0,10.0,818.0,813.0,,30.23309963440853,Type III
173.54,50.05,173.53,164.77,6.47,1006.2,793.5,3.0,24.18302723969862,Type III
277.0,0.0,0.0,191.0,0.0,968.0,856.0,90.0,31.250424587259722,Type III
314.0,145.0,113.0,179.0,8.0,869.0,690.0,28.0,46.12080026252689,Type I
277.0,117.0,91.0,191.0,7.0,946.0,666.0,28.0,43.581297521771845,Type II
152.6,238.7,0.0,200.0,6.3,1001.8,683.9,28.0,26.872521965770037,Type III
144.8,0.0,133.6,180.8,11.1,979.5,811.5,28.0,13.073916108813753,Type I
133.0,200.0,0.0,192.0,0.0,927.4,839.2,3.0,6.743731733062759,Type II
295.0,0.0,0.0,185.0,0.0,1069.0,769.0,7.0,14.405576770934442,Type II
277.05,0.0,97.39,160.6,11.83,973.9,875.61,28.0,47.36396540774712,Type II
164.2,0.0,200.1,181.2,12.6,849.3,846.0,28.0,15.061337616235049,Type I
387.0,20.0,94.0,157.0,11.61,938.0,845.0,7.0,41.925674632506905,Type I
172.38,13.61,172.37,156.76,4.14,1006.3,856.4,14.0,30.187047090014225,Type I
168.88,42.22,124.25,158.33,10.83,1080.8,796.15,,48.49653673792945,Type II
250.0,0.0,95.69,191.84,5.33,948.9,857.2,100.0,41.08264027781384,Type III
300.0,0.0,120.0,212.0,10.0,878.0,728.0,28.0,24.370367900114967,Type II
540.0,0.0,0.0,173.0,0.0,1125.0,613.0,180.0,71.8590820529217,Type II
362.6,189.0,0.0,164.9,11.6,944.7,755.8,7.0,55.59891361596565,Type I
322.0,149.0,0.0,186.0,8.0,951.0,709.0,28.0,52.27373902718177,Type II
198.6,132.4,0.0,192.0,0.0,978.4,825.5,7.0,14.12538861417986,Type III
375.0,93.8,0.0,126.6,23.4,852.1,992.6,28.0,56.89585217325316,Type III
295.71,0.0,95.64,171.54,8.87,955.14,859.2,14.0,35.17565957374213,Type I
380.0,0.0,0.0,228.0,0.0,932.0,670.0,270.0,53.66119933727279,Type II
425.0,106.3,0.0,153.5,16.5,852.1,887.1,3.0,33.49628316951195,Type I
359.0,19.0,141.0,154.0,10.91,942.0,801.0,56.0,65.7428814260021,Type III
427.5,47.5,0.0,228.0,0.0,932.0,594.0,90.0,42.181480121044096,Type I
251.37,0.0,118.27,188.45,5.75,1028.4,757.73,14.0,30.744736342450473,Type II
446.0,24.0,79.0,162.0,11.61,967.0,712.0,7.0,52.255611475253794,Type III
251.81,0.0,99.94,146.14,12.35,1006.0,899.76,3.0,19.927162387510723,Type III
275.07,0.0,121.35,159.48,9.9,1053.6,777.5,28.0,51.36711507495544,Type III
157.0,236.0,0.0,192.0,0.0,935.4,781.2,7.0,16.223015397260173,Type I
194.68,0.0,100.52,170.17,7.48,998.0,901.8,14.0,24.879198468553533,Type I
326.5,0.0,137.9,199.0,10.8,801.1,792.5,28.0,37.12683463415312,Type II
152.0,178.0,139.0,168.0,18.0,944.0,695.0,28.0,36.00007488269448,Type I
186.2,124.1,0.0,185.7,0.0,1083.4,764.3,7.0,8.614680050756,Type I
200.0,133.0,0.0,192.0,0.0,965.4,806.2,28.0,30.022535018982683,Type I
252.31,0.0,98.75,146.25,14.17,987.76,889.01,56.0,55.970349647150854,Type II
322.5,148.6,0.0,185.8,8.5,951.0,709.5,28.0,52.28049677187073,Type III
339.0,0.0,0.0,197.0,0.0,968.0,781.0,180.0,36.69252878382158,Type I
157.0,214.0,152.0,200.0,9.0,819.0,704.0,28.0,33.29923226362339,Type II
147.8,175.1,0.0,,2.2,1000.0,828.5,28.0,27.060949600795524,Type I
312.7,144.7,0.0,127.3,8.0,999.7,822.2,28.0,43.62167077971882,Type III
350.0,0.0,0.0,203.0,0.0,974.0,775.0,180.0,32.733846386338435,Type I
246.83,0.0,125.08,143.3,11.99,1086.8,800.89,28.0,51.97047993405038,Type II
304.0,76.0,0.0,228.0,0.0,932.0,670.0,270.0,55.25887670643368,Type I
281.0,0.0,0.0,185.0,0.0,1104.0,774.0,28.0,22.811098767253654,Type III
218.85,0.0,124.13,158.49,11.33,1078.7,794.91,28.0,30.667056673786934,Type I
337.9,189.0,0.0,174.9,9.5,944.7,755.8,3.0,24.450225656907566,Type II
310.0,0.0,0.0,,0.0,1012.0,830.0,7.0,17.045197101927005,Type I
387.0,20.0,94.0,157.0,11.61,938.0,845.0,3.0,34.58498329879961,Type I
172.38,13.61,172.37,156.76,4.14,1006.3,856.4,100.0,36.96190863806574,Type II
190.34,0.0,125.18,161.85,9.88,1088.1,802.59,100.0,40.183592395518176,Type II
424.0,22.0,132.0,168.0,8.92,822.0,750.0,7.0,40.27955171329638,Type III
254.0,0.0,0.0,,0.0,968.0,863.0,,29.855306816419564,Type I
167.0,75.4,167.0,164.03,7.91,1007.3,770.1,14.0,33.31187381337774,Type II
246.83,0.0,125.08,143.3,11.99,1086.8,800.89,56.0,61.38464094150848,Type I
164.0,0.0,200.0,181.0,13.0,849.0,846.0,28.0,15.764026572913991,Type I
146.5,114.6,89.3,201.9,8.8,860.0,829.5,28.0,19.81425809552108,Type III
170.3,155.5,0.0,185.7,0.0,1026.6,724.3,28.0,25.625155874467588,Type I
277.19,97.82,24.46,160.7,11.19,1061.7,782.46,14.0,47.71208060947874,Type II
446.0,24.0,79.0,162.0,11.64,967.0,712.0,56.0,56.573037777651074,Type I
255.0,0.0,0.0,192.0,0.0,889.8,945.0,28.0,18.625830376734893,Type I
286.3,200.9,0.0,144.7,11.2,1004.6,803.7,7.0,38.22610641739435,Type I
424.0,22.0,132.0,168.0,8.92,822.0,750.0,56.0,73.95840427199033,Type I
339.0,0.0,0.0,197.0,0.0,968.0,781.0,90.0,34.9078395564666,Type I
158.6,148.9,116.0,175.1,15.0,953.3,719.7,28.0,28.030426854758524,Type I
424.0,22.0,132.0,178.0,8.48,822.0,750.0,28.0,61.06837842879195,Type III
275.07,0.0,121.35,159.48,9.9,1053.6,777.5,3.0,24.76089527107213,Type I
252.0,97.0,76.0,194.0,8.0,835.0,821.0,28.0,33.69596288881962,Type II
168.88,42.22,124.25,158.33,10.83,1080.8,796.15,,7.837786000568701,Type I
181.38,0.0,167.01,169.59,7.56,1055.6,777.8,28.0,28.820015030904578,Type I
154.8,183.4,0.0,193.3,9.1,1047.4,696.7,28.0,19.46219931735038,Type I
178.03,129.8,118.6,179.94,3.57,1007.3,746.8,56.0,48.42983035440294,Type II
212.0,141.3,0.0,203.5,0.0,973.4,750.0,,39.88960463936306,Type II
102.0,153.0,0.0,192.0,0.0,887.0,942.0,3.0,4.28696122261961,Type II
134.7,0.0,165.7,180.2,10.0,961.0,804.9,28.0,14.222110474280976,Type II
251.37,0.0,118.27,188.45,5.75,1028.4,757.73,56.0,36.382763137795514,Type II
350.0,0.0,0.0,203.0,,974.0,775.0,14.0,21.17987986419861,Type III
362.6,189.0,0.0,164.9,11.6,944.7,755.8,28.0,71.01673941597087,Type II
491.0,26.0,123.0,210.0,3.93,882.0,699.0,3.0,24.872042503437587,Type II
275.0,180.0,120.0,162.0,10.35,830.0,765.0,28.0,76.45774822391579,Type I
359.0,19.0,141.0,154.0,10.91,942.0,801.0,28.0,62.686583860807396,Type III
238.0,0.0,0.0,185.0,0.0,1118.0,789.0,28.0,18.33953849604817,Type II
313.3,145.0,0.0,178.5,8.0,1001.9,688.7,28.0,41.31342053776438,Type I
290.2,193.5,0.0,185.7,0.0,998.2,704.3,7.0,22.45009265047998,Type I
213.76,98.06,24.52,181.74,,1066.0,785.52,56.0,46.87497016309588,Type I
153.6,144.2,112.3,,10.1,923.2,657.9,28.0,17.221530711611116,Type I
190.34,0.0,125.18,161.85,9.88,1088.1,802.59,14.0,23.22999952209267,Type I
143.0,169.0,143.0,191.0,8.0,967.0,643.0,28.0,29.913965166132392,Type II
238.05,0.0,94.11,186.66,7.0,949.91,847.01,3.0,20.180850753681657,Type I
158.8,238.2,0.0,185.7,0.0,1040.6,734.3,7.0,8.923229447084395,Type II
374.0,0.0,0.0,190.0,7.0,1013.0,730.0,28.0,38.93976115456095,Type I
288.0,121.0,0.0,177.0,7.0,908.0,829.0,28.0,41.74519261757705,Type I
192.0,288.0,0.0,192.0,0.0,929.8,716.1,28.0,39.275583373832525,Type I
307.0,0.0,0.0,193.0,0.0,968.0,812.0,180.0,34.98564862745557,Type I
388.6,97.1,0.0,157.9,12.1,852.1,925.7,3.0,28.094945079540572,Type I
475.0,0.0,0.0,228.0,0.0,932.0,594.0,7.0,38.67090948862389,Type I
173.54,50.05,173.53,164.77,6.47,1006.2,793.5,56.0,54.23879727617053,Type II
182.04,45.21,121.97,170.21,,1059.4,780.65,3.0,6.90913918553129,Type II
380.0,95.0,0.0,228.0,0.0,932.0,594.0,7.0,32.35044101602864,Type I
305.3,203.5,0.0,203.5,0.0,965.4,631.0,28.0,43.851800873682244,Type I
500.0,0.0,0.0,200.0,,1125.0,613.0,270.0,55.50843030606029,Type II
139.7,163.9,127.7,236.7,5.8,868.6,655.6,28.0,34.227562949774125,Type I
425.0,106.3,0.0,151.4,18.6,936.0,803.7,91.0,66.28387758757508,Type III
159.0,209.0,161.0,201.0,7.0,848.0,669.0,28.0,31.788333889257707,Type I
286.3,200.9,0.0,144.7,11.2,1004.6,803.7,91.0,76.9270160629983,Type III
153.0,102.0,0.0,192.0,0.0,888.0,943.1,28.0,18.579408267825393,Type I
342.0,38.0,0.0,228.0,0.0,932.0,670.0,270.0,54.55693151740707,Type II
425.0,106.3,0.0,153.5,16.5,852.1,887.1,56.0,64.3700619593267,Type I
255.3,98.8,77.0,188.6,6.5,919.0,749.3,28.0,34.051044624191505,Type I
213.5,0.0,174.24,154.61,11.66,1052.3,775.48,28.0,45.82604775002329,Type III
321.0,0.0,128.0,182.0,11.0,870.0,780.0,28.0,37.37520408606743,Type I
190.34,0.0,125.18,166.61,9.88,1079.0,798.9,28.0,25.486410408999507,Type I
213.74,0.0,174.74,154.79,10.16,1053.5,776.35,28.0,40.777804099893395,Type II
212.52,0.0,100.37,159.32,8.71,1007.8,903.59,3.0,13.563919994499992,Type I
236.0,157.0,0.0,192.0,0.0,972.6,749.1,28.0,32.58607067663946,Type I
213.74,0.0,174.74,154.79,10.16,1053.5,776.35,3.0,18.726562616052394,Type I
166.09,0.0,163.27,176.46,4.49,1058.6,780.09,28.0,21.42990360128248,Type II
213.76,98.06,24.52,181.74,,1066.0,785.52,14.0,17.804652039355588,Type II
333.0,0.0,0.0,192.0,0.0,931.2,842.6,,23.242146769925746,Type II
491.0,26.0,123.0,210.0,3.93,882.0,699.0,28.0,55.6403196519427,Type III
186.2,124.1,0.0,185.7,0.0,1083.4,764.3,28.0,16.910934907368244,Type I
296.0,0.0,106.7,,10.5,819.2,778.4,28.0,31.211798143192272,Type I
250.0,0.0,95.69,187.42,5.53,956.86,861.17,3.0,13.793054786334613,Type III
366.0,187.0,0.0,191.3,6.6,824.3,756.9,28.0,66.01441350060155,Type II
315.0,137.0,0.0,145.0,5.9,1130.0,745.0,28.0,81.43479180505749,Type II
313.3,262.2,0.0,175.5,,1046.9,611.8,,29.95943288100863,Type I
313.3,262.2,0.0,175.5,8.6,1046.9,611.8,7.0,42.28259071616705,Type II
475.0,0.0,0.0,228.0,0.0,932.0,594.0,270.0,42.14613619558204,Type III
212.57,0.0,100.39,159.35,10.37,1003.8,903.79,3.0,13.303963854072308,Type I
212.07,0.0,121.62,180.31,5.69,1057.6,779.32,3.0,12.408793499240904,Type II
218.23,54.64,123.78,140.75,11.91,1075.7,792.67,3.0,27.96145292462497,Type II
339.0,0.0,0.0,197.0,0.0,968.0,781.0,28.0,31.32337381273764,Type I
160.0,128.0,122.0,182.0,6.4,824.0,879.0,,39.525989213927694,Type II
425.0,106.3,0.0,153.5,16.5,852.1,887.1,3.0,33.63580131324769,Type I
323.7,282.8,0.0,183.8,10.3,942.7,659.9,3.0,29.09101452909034,Type I
249.1,0.0,98.75,,12.8,987.76,889.01,,15.89868428635778,Type I
401.8,94.7,0.0,147.4,11.4,946.8,852.1,3.0,41.556550170692795,Type I
299.8,0.0,119.8,211.5,,878.2,727.6,28.0,23.587935709994923,Type III
200.0,133.0,0.0,192.0,0.0,965.4,806.2,90.0,42.94513685630569,Type III
480.0,0.0,0.0,192.0,0.0,936.2,712.2,7.0,34.72781632476807,Type I
255.0,0.0,0.0,192.0,0.0,889.8,945.0,7.0,10.015964266891759,Type II
397.0,0.0,0.0,185.0,0.0,1040.0,734.0,28.0,39.02083691045929,Type III
250.0,0.0,95.69,191.84,5.33,948.9,857.2,14.0,24.692260255500848,Type I
295.71,0.0,95.64,,8.87,955.14,859.2,3.0,23.00730038082809,Type I
266.0,114.0,0.0,228.0,0.0,932.0,670.0,90.0,47.55890659854358,Type I
349.0,0.0,0.0,192.0,0.0,1047.0,806.0,7.0,18.384797297874186,Type I
318.8,212.5,0.0,155.7,14.3,852.1,880.4,7.0,33.61237578618761,Type III
375.0,93.8,0.0,126.6,23.4,852.1,992.6,7.0,46.51270355738616,Type I
168.88,42.22,124.25,158.33,10.83,1080.8,796.15,28.0,31.80430010500977,Type II
178.03,129.8,118.6,179.94,3.57,1007.3,746.8,3.0,20.729237793453972,Type III
165.0,0.02,143.57,163.81,0.0,1005.6,900.9,56.0,37.09159643268911,Type III
155.0,0.0,143.0,193.0,9.0,1047.0,697.0,28.0,13.022721445316948,Type II
251.37,0.0,118.27,188.45,6.35,1028.4,757.73,28.0,32.134823164180325,Type I
212.0,0.0,124.78,159.0,7.84,1085.4,799.54,28.0,38.71772487227844,Type II
296.0,0.0,0.0,186.0,0.0,1090.0,769.0,28.0,24.90556337091661,Type I
148.0,0.0,137.0,158.0,16.0,1002.0,830.0,28.0,17.898548759860457,Type II
393.0,0.0,0.0,192.0,0.0,940.6,785.6,3.0,18.67785984866471,Type II
165.0,0.02,143.57,163.81,0.0,1005.6,900.9,28.0,25.640314935808416,Type II
148.0,0.0,182.0,181.0,15.0,839.0,884.0,28.0,15.562188875092847,Type I
200.0,133.0,0.0,192.0,0.0,965.4,806.2,3.0,12.221664575354925,Type I
425.0,106.3,0.0,153.5,16.5,852.1,887.1,28.0,60.0317363620524,Type III
500.0,0.0,0.0,,9.0,1033.0,655.0,28.0,69.42419719859893,Type III
250.0,0.0,95.69,187.42,5.53,956.86,861.17,14.0,24.826087404473352,Type I
376.0,0.0,0.0,214.6,0.0,1003.5,762.36,56.0,35.826965041365504,Type I
277.0,0.0,0.0,191.0,0.0,968.0,856.0,180.0,32.22172485071599,Type III
475.0,0.0,0.0,228.0,0.0,932.0,594.0,28.0,38.93367947817547,Type II
277.19,97.82,24.46,160.7,,1061.7,782.46,56.0,66.42856422916623,Type II
194.68,0.0,100.52,165.62,7.48,1006.4,905.9,28.0,26.07205079727515,Type II
325.0,0.0,0.0,184.0,0.0,1063.0,783.0,7.0,17.44212911430603,Type III
318.8,212.5,0.0,155.7,14.3,852.1,880.4,3.0,25.61772346316244,Type II
359.0,19.0,141.0,154.0,10.91,942.0,801.0,3.0,22.753642869267992,Type I
162.0,190.0,148.0,179.0,19.0,838.0,741.0,28.0,33.56257149084942,Type I
135.0,0.0,166.0,180.0,10.0,961.0,805.0,28.0,12.919635637464916,Type III
229.68,0.0,118.16,195.23,6.13,1028.1,757.63,3.0,13.68761370115087,Type I
249.1,0.0,98.75,158.11,12.8,987.76,889.01,100.0,51.71168966928697,Type I
229.97,0.0,118.31,195.47,4.63,1029.4,758.59,28.0,23.897465586341216,Type II
366.0,187.0,0.0,191.0,7.0,824.0,757.0,28.0,66.5243867970224,Type I
289.0,0.0,0.0,192.0,0.0,913.2,895.3,28.0,25.491186713057303,Type II
355.0,19.0,97.0,145.0,13.13,967.0,871.0,28.0,43.93918577893216,Type I
167.95,42.08,163.83,121.75,5.72,1058.7,780.11,,32.21123926715002,Type I
151.0,0.0,185.0,,16.0,1074.0,678.0,28.0,13.460686449497075,Type III
310.0,0.0,0.0,192.0,0.0,970.0,850.0,360.0,37.63877791515638,Type III
522.0,0.0,0.0,146.0,0.0,896.0,896.0,28.0,74.8058514294222,Type II
362.6,189.0,0.0,164.9,11.6,944.7,755.8,91.0,79.82860525378044,Type I
148.1,0.0,182.1,181.4,15.0,838.9,884.3,28.0,15.523529897175965,Type I
165.0,128.5,132.1,175.06,8.08,1005.8,746.6,28.0,46.19118035201513,Type I
151.6,0.0,111.9,184.4,7.9,992.0,815.9,28.0,12.312747897977394,Type III
202.0,11.0,141.0,206.0,1.72,942.0,801.0,3.0,9.962537907367917,Type I
213.5,0.0,174.24,154.61,11.66,1052.3,775.48,14.0,33.869659361513115,Type II
202.0,11.0,141.0,,1.72,942.0,801.0,56.0,22.757507840548836,Type III
380.0,95.0,0.0,228.0,0.0,932.0,594.0,28.0,36.52181449789914,Type III
362.6,189.0,0.0,164.9,11.6,944.7,755.8,56.0,77.24773175938034,Type I
153.1,145.0,113.0,178.5,8.0,1001.9,688.7,28.0,26.20161269297406,Type I
313.8,0.0,112.6,169.9,10.1,925.3,782.9,28.0,38.707819810167145,Type II
246.83,0.0,125.08,143.3,11.99,1086.8,800.89,,23.20577975673575,Type I
255.0,0.0,0.0,192.0,0.0,889.8,945.0,90.0,22.152230004196394,Type I
173.81,93.37,159.9,172.34,9.73,1007.2,746.6,28.0,37.94325149548899,Type I
252.0,0.0,0.0,185.0,0.0,1111.0,784.0,28.0,19.91575244225726,Type I
150.0,237.0,0.0,174.0,12.0,1069.0,675.0,28.0,37.174260702542625,Type I
218.85,0.0,124.13,158.49,11.33,1078.7,794.91,14.0,26.645784710938468,Type I
339.0,0.0,0.0,197.0,0.0,968.0,781.0,365.0,39.5413726908907,Type I
143.8,136.3,106.2,178.1,7.5,941.5,774.3,28.0,26.570075011890847,Type I
252.5,0.0,0.0,185.7,0.0,1111.6,784.3,7.0,11.129017759883231,Type I
146.0,230.0,0.0,202.0,3.0,827.0,872.0,28.0,33.21421252670056,Type II
238.2,158.8,0.0,185.7,0.0,1040.6,734.3,7.0,15.082453461889761,Type III
540.0,0.0,0.0,173.0,0.0,1125.0,613.0,28.0,67.29104537553046,Type I
237.0,92.0,71.0,,6.0,853.0,695.0,28.0,28.558388037105562,Type I
289.0,0.0,0.0,192.0,0.0,913.2,895.3,90.0,31.993058005864064,Type III
160.0,250.0,0.0,168.0,12.0,1049.0,688.0,28.0,40.2666377855564,Type I
167.95,42.08,163.83,121.75,5.72,1058.7,780.11,100.0,39.720092174843096,Type III
450.1,50.0,0.0,200.0,3.0,1124.4,613.2,28.0,39.31410801995012,Type III
350.0,0.0,0.0,203.0,0.0,974.0,775.0,28.0,27.022781123818092,Type II
229.97,0.0,118.31,195.47,4.63,1029.4,758.59,56.0,32.38449367890543,Type II
531.3,0.0,0.0,141.8,28.2,852.1,893.7,3.0,41.00497657410535,Type I
531.3,0.0,0.0,141.8,28.2,852.1,893.7,56.0,59.051307900917934,Type I
290.35,0.0,96.18,168.08,9.41,961.18,865.0,56.0,44.81910836432039,Type II
167.35,129.9,128.62,175.46,7.79,1006.3,746.6,56.0,51.43861649902197,Type I
218.23,54.64,123.78,140.75,,1075.7,792.67,28.0,55.302105876047364,Type II
436.0,0.0,0.0,218.0,0.0,838.4,719.7,28.0,23.805939993604554,Type III
359.0,19.0,141.0,154.0,10.91,942.0,801.0,56.0,68.13638493855508,Type III
380.0,0.0,0.0,,0.0,932.0,670.0,180.0,51.86022666773246,Type III
212.0,141.3,0.0,203.5,0.0,973.4,750.0,7.0,15.142694172267644,Type II
286.3,200.9,0.0,144.7,11.2,1004.6,803.7,,68.2949227371718,Type I
238.1,0.0,0.0,185.7,0.0,1118.8,789.3,28.0,17.667372707299606,Type III
295.71,0.0,95.64,171.54,8.87,955.14,859.2,28.0,39.29173649827709,Type I
275.0,0.0,0.0,183.0,0.0,1088.0,808.0,28.0,23.575185488259628,Type I
203.5,135.7,0.0,185.7,0.0,1076.2,759.3,7.0,11.061029041732711,Type I
525.0,0.0,0.0,189.0,0.0,1125.0,613.0,,66.51897760746142,Type III
540.0,0.0,0.0,,2.5,1040.0,676.0,28.0,80.10060895622968,Type I
446.0,24.0,79.0,162.0,11.64,967.0,712.0,3.0,23.637026151586934,Type II
251.81,0.0,99.94,146.14,12.35,1006.0,899.76,28.0,34.422096389921016,Type I
238.0,0.0,0.0,186.0,0.0,1119.0,789.0,28.0,16.499220088405504,Type III
220.8,147.2,0.0,185.7,,1055.0,744.3,7.0,12.889062852934432,Type I
475.0,0.0,59.0,142.0,1.9,1098.0,641.0,,56.45510724239517,Type I
147.0,115.0,89.0,202.0,9.0,860.0,829.0,28.0,20.30473975238703,Type I
145.7,172.6,0.0,181.9,3.4,985.8,816.8,28.0,22.548196385843486,Type II
336.5,0.0,0.0,181.9,3.4,985.8,816.8,28.0,44.30531319554448,Type II
425.0,106.3,0.0,,16.5,852.1,887.1,91.0,64.8931733433939,Type II
531.3,0.0,0.0,141.8,28.2,852.1,893.7,28.0,57.30273512181894,Type I
192.0,288.0,0.0,,0.0,929.8,716.1,3.0,12.038892867770798,Type I
148.5,139.4,108.6,192.7,,892.4,780.0,28.0,23.645960284649234,Type III
310.0,143.0,111.0,168.0,22.0,914.0,651.0,28.0,34.52713469668628,Type I
145.9,230.5,0.0,,3.4,827.0,871.8,28.0,32.36244081386208,Type II
389.9,189.0,0.0,145.9,22.0,944.7,755.8,3.0,40.84773909344759,Type I
155.2,183.9,143.2,193.8,9.2,879.6,698.5,28.0,29.92549576827193,Type I
389.9,189.0,0.0,145.9,,944.7,755.8,,83.14988627886788,Type I
218.23,54.64,123.78,140.75,11.91,1075.7,792.67,100.0,63.58400494092002,Type II
251.37,0.0,118.27,188.45,5.75,1028.4,757.73,3.0,16.740278078238394,Type II
143.7,170.2,132.6,191.6,8.5,814.1,805.3,28.0,30.269780113947878,Type I
485.0,0.0,0.0,146.0,0.0,1120.0,800.0,28.0,71.49703736981135,Type III
182.04,45.21,121.97,170.21,8.19,1059.4,780.65,28.0,31.187556559477585,Type I
379.5,151.2,0.0,153.9,15.9,1134.3,605.0,28.0,51.83609185879669,Type I
290.35,0.0,96.18,168.08,,961.18,865.0,14.0,34.117957915243224,Type I
236.0,0.0,0.0,194.0,0.0,968.0,885.0,,5.913706471598774,Type I
252.31,0.0,98.75,146.25,14.17,987.76,889.01,28.0,49.96561309564399,Type II
475.0,118.8,0.0,181.1,8.9,852.1,781.5,56.0,72.26146692820281,Type I
336.0,0.0,0.0,182.0,3.0,986.0,817.0,28.0,45.05839118461508,Type I
298.2,0.0,107.0,209.7,11.1,879.6,744.2,28.0,32.33986994839541,Type I
153.0,102.0,0.0,192.0,0.0,888.0,943.1,3.0,4.73848787161141,Type I
439.0,177.0,0.0,186.0,11.1,884.9,707.9,28.0,66.51013585165987,Type I
167.0,75.4,167.0,164.03,7.91,1007.3,770.1,56.0,53.3506086896117,Type II
425.0,106.3,0.0,,,852.1,887.1,91.0,66.19262721110236,Type I
427.5,47.5,0.0,228.0,0.0,932.0,594.0,28.0,38.01261453859829,Type II
238.2,158.8,0.0,185.7,0.0,1040.6,734.3,28.0,26.71491677725414,Type I
233.81,0.0,94.58,197.89,4.567,947.04,852.16,100.0,34.249475837495844,Type II
213.5,0.0,174.24,159.21,11.66,1043.6,771.9,14.0,29.517188425600867,Type I
173.0,116.0,0.0,192.0,0.0,946.8,856.8,7.0,10.969741228703251,Type I
272.8,105.1,81.8,209.7,9.0,904.0,679.7,28.0,36.38951295871437,Type II
425.0,106.3,0.0,153.5,16.5,852.1,887.1,91.0,65.30075181367665,Type II
359.0,19.0,141.0,154.0,10.91,942.0,801.0,3.0,24.736774156530537,Type I
313.3,262.2,0.0,175.5,8.6,1046.9,611.8,56.0,65.33119394224897,Type III
318.8,212.5,0.0,155.7,14.3,852.1,880.4,,68.06093399738847,Type I
380.0,95.0,0.0,228.0,0.0,932.0,594.0,365.0,43.88210932410485,Type I
385.0,0.0,0.0,,0.0,966.0,763.0,3.0,14.20713175709149,Type I
284.0,15.0,141.0,179.0,5.46,842.0,801.0,28.0,44.385216645967375,Type I
288.0,192.0,0.0,192.0,0.0,932.0,717.8,28.0,39.28455115414074,Type III
425.0,106.3,0.0,151.4,18.6,936.0,803.7,3.0,35.848877255131995,Type III
157.0,236.0,0.0,,0.0,935.4,781.2,3.0,10.639942378577892,Type I
183.9,122.6,0.0,203.5,0.0,959.2,800.0,90.0,31.727141380448582,Type III
213.76,98.06,24.52,181.74,6.65,1066.0,785.52,100.0,50.73831807943167,Type II
469.0,117.2,0.0,137.8,32.2,852.1,840.5,56.0,69.26139995783709,Type I
322.0,0.0,0.0,203.0,0.0,974.0,800.0,180.0,29.23305094219456,Type I
213.76,98.06,24.52,,,1066.0,785.52,3.0,13.002125839016355,Type I
166.09,0.0,163.27,176.46,4.49,1058.6,780.09,14.0,25.25575910062828,Type II
190.34,0.0,125.18,161.85,9.88,1088.1,802.59,3.0,9.524168064123261,Type II
108.3,162.4,0.0,203.5,0.0,938.2,849.0,3.0,2.956560282353079,Type II
362.6,189.0,0.0,164.9,11.6,944.7,755.8,28.0,72.38124119390329,Type I
159.1,186.7,0.0,175.6,11.3,989.6,788.9,28.0,32.46881758570948,Type I
251.37,0.0,118.27,192.94,5.75,1043.6,754.3,56.0,39.419464534094594,Type I
192.0,288.0,0.0,192.0,0.0,929.8,716.1,90.0,51.17608553970703,Type III
167.35,129.9,128.62,175.46,7.79,1006.3,746.6,14.0,32.32715138079918,Type I
222.36,0.0,96.67,189.29,4.46,967.08,870.32,14.0,24.39986133677855,Type II
427.5,47.5,0.0,228.0,0.0,932.0,594.0,365.0,43.55427996703896,Type I
375.0,0.0,0.0,186.0,0.0,1038.0,758.0,28.0,37.112696009450026,Type I
379.5,151.2,0.0,153.9,15.9,1134.3,605.0,7.0,47.13739407485958,Type I
277.0,0.0,0.0,191.0,0.0,968.0,856.0,360.0,33.51565793886067,Type I
475.0,0.0,0.0,228.0,0.0,932.0,594.0,365.0,42.485030495211305,Type I
172.38,13.61,172.37,156.76,4.14,1006.3,856.4,56.0,36.01905575516209,Type I
382.0,0.0,0.0,186.0,0.0,1047.0,739.0,28.0,36.71291596155804,Type I
339.2,0.0,0.0,185.7,0.0,1069.2,754.3,28.0,32.08986991002045,Type I
260.0,101.0,78.0,171.0,10.0,936.0,763.0,28.0,49.92909886800239,Type I
167.35,129.9,128.62,,7.79,1006.3,746.6,28.0,41.81769315214853,Type II
380.0,0.0,0.0,228.0,0.0,932.0,670.0,365.0,52.95740120846178,Type I
310.0,0.0,0.0,192.0,0.0,970.0,850.0,7.0,15.47020183453592,Type III
387.0,20.0,94.0,157.0,14.32,938.0,845.0,56.0,56.49792323068825,Type I
480.0,0.0,0.0,192.0,0.0,936.0,721.0,3.0,24.170689023069418,Type I
145.4,0.0,178.9,201.7,7.8,824.0,868.7,28.0,10.540160796412174,Type II
149.0,153.0,194.0,192.0,8.0,935.0,623.0,28.0,24.57517511921609,Type II
330.5,169.6,0.0,194.9,8.1,811.0,802.3,,55.68941125816997,Type I
275.07,0.0,121.35,159.48,9.9,1053.6,777.5,100.0,58.257612561401466,Type I
190.0,190.0,0.0,228.0,0.0,932.0,670.0,180.0,47.50059911518236,Type II
451.0,0.0,0.0,165.0,11.25,1030.0,745.0,28.0,78.48306911615529,Type III
480.0,0.0,0.0,192.0,0.0,936.2,712.2,90.0,53.87291598493788,Type I
309.9,142.8,111.2,167.8,22.1,913.9,651.2,28.0,38.176470922470735,Type II
116.0,173.0,0.0,192.0,0.0,909.8,891.9,90.0,31.31661419658233,Type I
150.0,236.8,0.0,173.8,11.9,1069.3,674.8,28.0,37.16262816075493,Type I
212.0,0.0,124.78,159.0,7.84,1085.4,799.54,3.0,20.375085702008946,Type III
150.7,0.0,185.3,166.7,15.6,1074.5,678.0,28.0,12.968559623639536,Type I
480.0,0.0,0.0,192.0,0.0,936.0,721.0,28.0,43.50473467499071,Type I
192.0,288.0,0.0,192.0,0.0,929.8,716.1,7.0,21.114808910545737,Type I
251.37,0.0,118.27,192.94,5.75,1043.6,754.3,28.0,33.88320911587712,Type III
200.0,200.0,0.0,190.0,0.0,1145.0,660.0,28.0,49.23176687499688,Type III
333.0,0.0,0.0,192.0,0.0,931.2,842.6,3.0,16.267580942658032,Type II
387.0,20.0,94.0,157.0,13.93,938.0,845.0,56.0,48.05087522298341,Type I
380.0,95.0,0.0,228.0,0.0,932.0,594.0,90.0,40.12409049341012,Type I
500.0,0.0,0.0,200.0,0.0,1125.0,613.0,1.0,11.60555355687184,Type I
284.0,15.0,141.0,179.0,5.46,842.0,801.0,56.0,45.02136271157028,Type III
316.1,210.7,0.0,185.7,0.0,977.0,689.3,7.0,24.92723212327839,Type III
446.0,24.0,79.0,162.0,11.64,967.0,712.0,7.0,38.552592367491926,Type II
214.9,53.8,121.89,155.63,9.61,1014.3,780.58,56.0,54.325710532729666,Type III
362.6,189.0,0.0,164.9,11.6,944.7,755.8,3.0,34.528306306654635,Type I
266.0,114.0,0.0,228.0,0.0,932.0,670.0,270.0,51.732606395694106,Type I
446.0,24.0,79.0,,11.64,967.0,712.0,56.0,54.840508503517384,Type II
231.75,0.0,121.62,173.96,6.72,1056.4,778.45,56.0,42.9506210837454,Type III
181.38,0.0,167.01,169.59,7.56,1055.6,777.8,14.0,20.981756728736677,Type I
218.23,54.64,123.78,140.75,11.91,1075.7,792.67,14.0,35.28138529422423,Type I
277.19,97.82,24.46,160.7,11.19,1061.7,782.46,3.0,31.47216620789296,Type I
277.0,0.0,0.0,191.0,0.0,968.0,856.0,14.0,21.165744664411488,Type II
251.37,0.0,118.27,188.45,5.75,1028.4,757.73,100.0,43.482809095507655,Type II
427.5,47.5,0.0,228.0,0.0,932.0,594.0,270.0,42.89390504184397,Type III
362.6,189.0,0.0,164.9,11.6,944.7,755.8,91.0,79.52990741572506,Type III
214.9,53.8,121.89,155.63,9.61,1014.3,780.58,100.0,56.140656735666084,Type I
359.0,19.0,141.0,154.0,10.91,942.0,801.0,7.0,35.99002662075046,Type I
350.0,0.0,0.0,186.0,,1050.0,770.0,7.0,20.5687748194044,Type I
166.09,0.0,163.27,176.46,,1058.6,780.09,,33.50256815106727,Type I
339.0,0.0,0.0,197.0,0.0,968.0,781.0,,20.735495403987372,Type I
385.0,0.0,0.0,186.0,0.0,966.0,763.0,7.0,23.320891684773702,Type II
153.0,102.0,0.0,192.0,0.0,888.0,943.1,90.0,26.032490576723024,Type I
295.8,0.0,0.0,185.7,0.0,1091.4,769.3,28.0,25.018055377192695,Type II
387.0,20.0,94.0,157.0,13.93,938.0,845.0,28.0,47.08100780410934,Type I
173.81,93.37,159.9,172.34,9.73,1007.2,746.6,100.0,49.87218906692258,Type I
154.0,174.0,185.0,228.0,7.0,845.0,612.0,28.0,24.477677117322337,Type III
300.0,0.0,0.0,184.0,0.0,1075.0,795.0,28.0,26.81615655792564,Type II
379.5,151.2,0.0,153.9,15.9,1134.3,605.0,91.0,55.6076575629758,Type II
116.0,173.0,0.0,192.0,0.0,909.8,891.9,28.0,21.15283340426528,Type II
166.8,250.2,0.0,203.5,0.0,975.6,692.6,28.0,33.47645080910406,Type I
277.0,0.0,0.0,191.0,0.0,968.0,856.0,3.0,10.967895227140163,Type I
194.68,0.0,100.52,170.17,,998.0,901.8,56.0,43.31853715054733,Type I
289.0,0.0,0.0,192.0,,913.2,895.3,7.0,14.725495881177961,Type II
334.0,17.6,158.0,189.0,15.3,967.0,633.0,28.0,44.23512755281023,Type II
313.3,262.2,0.0,175.5,8.6,1046.9,611.8,91.0,66.39494884546748,Type II
238.05,0.0,94.11,186.66,7.0,949.91,847.01,100.0,44.706583511222135,Type III
157.0,236.0,0.0,192.0,0.0,935.4,781.2,28.0,32.95672158003791,Type II
136.0,162.0,126.0,172.0,10.0,923.0,764.0,,29.56149641295297,Type III
310.0,142.8,0.0,167.9,10.0,914.3,804.0,28.0,44.53321937002856,Type I
376.0,0.0,0.0,214.6,0.0,1003.5,762.36,14.0,25.644395611030184,Type I
167.0,75.4,167.0,164.03,7.91,1007.3,770.1,3.0,15.340085125621508,Type III
375.0,93.8,0.0,126.6,23.4,852.1,992.6,3.0,28.224880297473263,Type II
289.0,134.0,0.0,195.0,6.0,924.0,760.0,28.0,46.02676837820581,Type I
389.9,189.0,0.0,145.9,22.0,944.7,755.8,7.0,58.25131578644464,Type III
491.0,26.0,123.0,201.0,3.93,822.0,699.0,28.0,58.630412853906776,Type II
290.2,193.5,0.0,185.7,0.0,998.2,704.3,28.0,32.33164983736916,Type I
362.6,189.0,0.0,164.9,11.6,944.7,755.8,7.0,22.000551711066056,Type II
194.68,0.0,100.52,170.17,7.48,998.0,901.8,3.0,11.547212082045556,Type I
439.0,177.0,0.0,186.0,11.1,884.9,707.9,3.0,39.22564734511635,Type I
259.9,100.6,78.4,170.6,10.4,935.7,762.9,28.0,50.020304399487756,Type I
144.0,170.0,133.0,192.0,8.0,814.0,805.0,28.0,29.98986542209317,Type I
275.0,0.0,0.0,183.0,0.0,1088.0,808.0,7.0,14.290973714789299,Type II
102.0,153.0,0.0,192.0,0.0,887.0,942.0,7.0,7.507742835294431,Type I
198.6,132.4,0.0,192.0,0.0,978.4,825.5,28.0,28.739851294852986,Type III
516.0,0.0,0.0,,8.26,801.0,802.0,28.0,40.96305956818558,Type III
255.5,170.3,0.0,185.7,0.0,1026.6,724.3,7.0,17.49301775611555,Type I
237.5,237.5,0.0,,0.0,932.0,594.0,365.0,39.70464928057402,Type I
475.0,118.8,0.0,181.1,8.9,852.1,781.5,91.0,74.12099964828458,Type I
213.5,0.0,174.24,159.21,11.66,1043.6,771.9,3.0,16.206104222708205,Type I
331.0,0.0,0.0,192.0,0.0,978.0,825.0,90.0,37.71005559319283,Type I
173.81,93.37,159.9,172.34,9.73,1007.2,746.6,14.0,29.518597057483742,Type I
148.0,175.0,0.0,171.0,,1000.0,828.0,28.0,27.314052273571907,Type III
321.3,164.2,0.0,190.5,4.6,870.0,774.0,28.0,57.75590598897844,Type III
153.0,102.0,0.0,192.0,0.0,888.0,943.1,7.0,8.39902966176011,Type I
349.0,0.0,0.0,192.0,0.0,1056.0,809.0,3.0,15.346909770545029,Type III
212.52,0.0,100.37,159.32,8.71,1007.8,903.59,56.0,41.861331186057946,Type II
275.07,0.0,121.35,159.48,9.9,1053.6,777.5,14.0,38.157787970222216,Type I
380.0,0.0,0.0,228.0,0.0,932.0,670.0,90.0,53.49469823463372,Type I
108.3,162.4,0.0,203.5,0.0,938.2,849.0,28.0,20.43294456675397,Type I
252.31,0.0,98.75,146.25,14.17,987.76,889.01,3.0,21.940939702966343,Type III
349.0,0.0,0.0,192.0,0.0,1047.0,806.0,28.0,32.611774328523936,Type III
166.09,0.0,163.27,176.46,4.49,1058.6,780.09,56.0,28.581343741245444,Type I
362.6,189.0,0.0,164.9,11.6,944.7,755.8,91.0,79.98890078379695,Type I
469.0,117.2,0.0,137.8,32.2,852.1,840.5,7.0,55.69137015630892,Type I
284.0,15.0,141.0,179.0,5.46,842.0,801.0,7.0,23.85519958131635,Type I
139.6,209.4,0.0,192.0,0.0,1047.0,806.9,3.0,7.955588001226184,Type I
277.19,97.82,24.46,160.7,11.19,1061.7,782.46,28.0,63.53327708076573,Type I
183.9,122.6,0.0,203.5,0.0,959.2,800.0,7.0,10.581431123487764,Type I
313.0,161.0,0.0,178.0,10.0,917.0,759.0,28.0,51.68208914745496,Type I
297.16,0.0,117.54,174.8,9.52,1022.8,753.45,14.0,37.610179403220776,Type I
251.37,0.0,118.27,192.94,5.75,1043.6,754.3,14.0,20.683789580075395,Type II
339.2,0.0,0.0,185.7,0.0,1069.2,754.3,7.0,20.844266167772883,Type I
166.0,260.0,0.0,183.0,13.0,859.0,827.0,28.0,37.72794744802401,Type I
190.68,0.0,125.4,,7.77,1090.0,804.01,100.0,39.9412001540133,Type III
238.0,0.0,0.0,186.0,0.0,1119.0,789.0,7.0,12.173481486575136,Type I
374.0,189.2,0.0,170.1,10.1,926.1,756.7,7.0,46.08044612159398,Type II
210.7,316.1,0.0,185.7,0.0,977.0,689.3,28.0,37.5494732206685,Type I
190.0,190.0,0.0,228.0,0.0,932.0,670.0,28.0,40.83001638349713,Type I
122.6,183.9,0.0,203.5,0.0,958.2,800.1,90.0,33.40673452740087,Type I
181.38,0.0,167.01,169.59,7.56,1055.6,777.8,3.0,13.572330147854858,Type II
304.0,140.0,0.0,,6.0,895.0,722.0,28.0,34.074485468901315,Type III
178.03,129.8,118.6,179.94,3.57,1007.3,746.8,28.0,39.25158415840524,Type I
323.7,282.8,0.0,183.8,10.3,942.7,659.9,56.0,80.48472849859932,Type I
475.0,118.8,0.0,181.1,8.9,852.1,781.5,3.0,37.92606231061059,Type II
350.0,0.0,0.0,203.0,0.0,974.0,775.0,90.0,31.66713713303562,Type I
165.0,128.5,132.1,175.06,8.08,1005.8,746.6,56.0,54.16006842003649,Type III
222.36,0.0,96.67,189.29,4.46,967.08,870.32,100.0,41.0004300105022,Type II
231.75,0.0,121.62,173.96,6.72,1056.4,778.45,28.0,32.62075650032297,Type III
213.76,98.06,24.52,181.74,6.65,1066.0,785.52,28.0,39.72562549003555,Type I
387.0,20.0,94.0,157.0,11.61,938.0,845.0,28.0,46.623391393939364,Type I
239.6,359.4,0.0,185.7,0.0,941.6,664.3,28.0,38.451017189280975,Type II
313.3,262.2,0.0,175.5,8.6,1046.9,611.8,28.0,60.774883048763286,Type I
160.0,188.0,146.0,203.0,,829.0,710.0,28.0,32.87588136269214,Type II
424.0,22.0,132.0,168.0,8.92,822.0,750.0,3.0,32.27092344011281,Type III
193.5,290.2,0.0,185.7,0.0,998.2,704.3,,16.612271103722605,Type I
522.0,0.0,0.0,146.0,0.0,896.0,896.0,7.0,50.567581988526506,Type I
425.0,106.3,0.0,153.5,16.5,852.1,887.1,28.0,59.45334685293866,Type III
374.0,189.2,0.0,170.1,10.1,926.1,756.7,28.0,60.73995788118476,Type III
446.0,24.0,79.0,162.0,,967.0,712.0,28.0,51.87281030495902,Type III
310.0,0.0,0.0,192.0,0.0,1012.0,830.0,28.0,27.276116489772072,Type II
198.6,132.4,0.0,192.0,0.0,978.4,825.5,3.0,9.662105626436567,Type I
250.2,166.8,0.0,203.5,0.0,977.6,694.1,,10.823312630690229,Type I
153.1,145.0,113.0,178.5,8.0,867.2,824.0,28.0,26.781832941771857,Type III
218.85,0.0,124.13,158.49,11.33,1078.7,794.91,3.0,15.198763451035601,Type I
212.0,0.0,124.78,159.0,7.84,1085.4,799.54,100.0,47.41738206602956,Type I
349.0,0.0,0.0,192.0,0.0,1047.0,806.9,3.0,14.445681828071391,Type I
213.5,0.0,174.24,154.61,11.66,1052.3,775.48,3.0,17.87146710823658,Type II
194.68,0.0,100.52,165.62,7.48,1006.4,905.9,14.0,25.780923704021795,Type I
531.3,0.0,0.0,141.8,28.2,852.1,893.7,7.0,46.63845933408693,Type I
276.0,116.0,90.0,180.0,9.0,870.0,768.0,28.0,44.156799346087354,Type III
310.0,0.0,0.0,192.0,0.0,1012.0,830.0,3.0,12.497414670461273,Type I
385.0,0.0,0.0,186.0,0.0,966.0,763.0,28.0,31.060911665182125,Type III
212.57,0.0,100.39,159.35,10.37,1003.8,903.79,100.0,47.30093134939408,Type II
194.68,0.0,100.52,170.17,7.48,998.0,901.8,28.0,37.685912052259205,Type I
122.6,183.9,0.0,203.5,0.0,958.2,800.1,3.0,3.605080544177258,Type III
277.05,0.0,97.39,160.6,11.83,973.9,875.61,3.0,23.31216954880246,Type II
297.16,0.0,117.54,174.8,9.52,1022.8,753.45,28.0,47.20336016094912,Type I
236.0,0.0,0.0,193.0,0.0,968.0,885.0,7.0,9.620821536270482,Type I
160.2,188.0,146.4,203.2,11.3,828.7,709.7,28.0,34.89624016794998,Type I
425.0,106.3,0.0,153.5,16.5,852.1,887.1,56.0,65.04508831416415,Type I
388.6,97.1,0.0,157.9,12.1,852.1,925.7,28.0,51.42263405413961,Type I
525.0,0.0,0.0,189.0,0.0,1125.0,613.0,14.0,48.0847750625576,Type I
326.0,166.0,0.0,174.0,9.0,882.0,790.0,,61.67545915429239,Type I
332.5,142.5,0.0,228.0,0.0,932.0,594.0,180.0,39.20264256470202,Type III
213.5,0.0,174.24,154.61,,1052.3,775.48,100.0,58.94227603427541,Type I
154.8,0.0,142.8,193.3,9.1,1047.4,696.7,28.0,12.482266534165376,Type II
425.0,106.3,0.0,151.4,18.6,936.0,803.7,56.0,64.1118776389045,Type I
251.37,0.0,118.27,192.94,5.75,1043.6,754.3,100.0,40.05746294537624,Type I
234.0,156.0,0.0,189.0,5.85,981.0,760.0,28.0,39.406501887928826,Type II
102.0,153.0,0.0,192.0,0.0,887.0,942.0,90.0,25.395939581223193,Type II
249.1,0.0,98.75,158.11,12.8,987.76,889.01,14.0,28.79437142838904,Type II
475.0,0.0,0.0,,0.0,932.0,594.0,180.0,42.431644466490894,Type I
151.0,0.0,184.0,167.0,,991.0,772.0,28.0,15.019057867411092,Type I
149.5,236.0,0.0,175.8,12.6,846.8,892.7,28.0,31.77038262490216,Type I
305.0,0.0,100.0,196.0,10.0,959.0,705.0,28.0,29.929525457723596,Type II
165.0,128.5,132.1,175.06,,1005.8,746.6,3.0,19.59771430802733,Type I
480.0,0.0,0.0,192.0,0.0,936.2,712.2,28.0,43.66709794214576,Type I
313.0,145.0,0.0,178.0,,867.0,824.0,28.0,45.28782738917565,Type I
475.0,0.0,0.0,228.0,0.0,932.0,594.0,90.0,42.06396600101677,Type II
362.6,189.0,0.0,164.9,11.6,944.7,755.8,91.0,79.505737637944,Type I
238.05,0.0,94.11,186.66,7.0,949.91,847.01,14.0,25.42221740371617,Type III
313.3,0.0,113.0,178.5,8.0,1001.9,688.7,28.0,36.98465625477356,Type III
108.3,162.4,0.0,203.5,0.0,938.2,849.0,7.0,8.180247018008703,Type II
331.0,0.0,0.0,192.0,0.0,978.0,825.0,7.0,14.845199510257286,Type III
149.0,118.0,92.0,183.0,7.0,953.0,780.0,28.0,24.33720622613547,Type I
379.5,151.2,0.0,153.9,15.9,1134.3,605.0,56.0,54.99381998577664,Type III
181.38,0.0,167.01,169.59,7.56,1055.6,777.8,56.0,36.367288035874594,Type II
225.0,0.0,0.0,181.0,0.0,1113.0,833.0,28.0,16.573971120055035,Type II
381.4,0.0,0.0,185.7,0.0,1104.6,784.3,28.0,22.42746369486258,Type I
382.0,0.0,0.0,186.0,0.0,1111.0,784.0,7.0,10.54006451421267,Type II
342.0,38.0,0.0,,0.0,932.0,670.0,,57.11257097023187,Type II
318.8,212.5,0.0,155.7,14.3,852.1,880.4,,54.98390894455681,Type III
249.1,0.0,98.75,158.11,12.8,987.76,889.01,,41.88171585956307,Type II
212.52,0.0,100.37,159.32,8.71,1007.8,903.59,14.0,26.33600311094054,Type II
143.6,0.0,174.9,158.4,17.9,942.7,844.5,28.0,14.502629233521072,Type I
164.6,0.0,150.4,181.6,,1023.3,728.9,,18.150858268894797,Type II
233.81,0.0,94.58,197.89,4.567,947.04,852.16,14.0,21.49492055126823,Type I
337.9,189.0,0.0,174.9,9.5,944.7,755.8,7.0,34.42349940844385,Type III
350.0,0.0,0.0,186.0,0.0,1050.0,770.0,28.0,33.894565986649035,Type I
236.0,0.0,0.0,194.0,0.0,968.0,885.0,14.0,12.655290151507367,Type I
439.0,177.0,0.0,186.0,11.1,884.9,707.9,91.0,73.52029272364534,Type I
290.35,0.0,96.18,168.08,9.41,961.18,865.0,28.0,34.71788809064677,Type II
349.0,0.0,0.0,192.0,0.0,1047.0,806.0,90.0,39.47514037814097,Type I
397.0,0.0,0.0,186.0,0.0,1040.0,734.0,28.0,36.699597449648735,Type II
540.0,0.0,0.0,173.0,0.0,1125.0,613.0,90.0,69.66676871602222,Type I
141.3,212.0,0.0,203.5,0.0,971.8,748.5,90.0,40.04652673798444,Type III
349.0,0.0,0.0,192.0,0.0,1047.0,806.0,360.0,42.22936304120089,Type II
202.0,11.0,141.0,206.0,1.72,942.0,801.0,7.0,15.078782056508187,Type III
218.85,0.0,124.13,,11.33,1078.7,794.91,56.0,36.57974807425947,Type I
427.5,47.5,0.0,228.0,0.0,932.0,594.0,7.0,35.245413764550854,Type II
139.9,132.6,103.3,200.3,7.4,916.0,753.4,28.0,35.23043689673239,Type I
362.6,189.0,0.0,164.9,11.6,944.7,755.8,56.0,76.03103131739014,Type II
284.0,119.7,0.0,168.3,7.2,970.4,794.2,28.0,40.506453663436105,Type I
531.3,0.0,0.0,,,852.1,893.7,91.0,58.932325078436406,Type I
139.6,209.4,0.0,192.0,0.0,1047.0,806.9,90.0,39.69075639584589,Type I
424.0,22.0,132.0,178.0,8.48,822.0,750.0,56.0,65.68607365622017,Type I
237.5,237.5,0.0,228.0,0.0,932.0,594.0,7.0,27.0962004976041,Type II
355.9,0.0,141.6,193.3,11.0,801.4,778.4,28.0,40.725292782130865,Type I
313.0,0.0,113.0,178.0,8.0,1002.0,689.0,,37.28312468723645,Type I
202.0,11.0,141.0,206.0,1.72,942.0,801.0,28.0,22.37834531783885,Type I
116.0,173.0,0.0,,,909.8,891.9,7.0,9.785678530277622,Type III
446.0,24.0,79.0,162.0,11.64,967.0,712.0,7.0,38.700283235817345,Type II
251.37,0.0,118.27,188.45,6.35,1028.4,757.73,100.0,45.138052291768865,Type I
500.0,0.0,0.0,200.0,0.0,1125.0,613.0,14.0,36.77508041773168,Type II
265.0,111.0,86.0,195.0,6.0,833.0,790.0,28.0,40.77569829512831,Type II
167.95,42.08,163.83,121.75,5.72,1058.7,780.11,14.0,17.2926520668017,Type I
380.0,95.0,0.0,228.0,0.0,932.0,594.0,270.0,40.69323800971814,Type I
310.0,0.0,0.0,192.0,0.0,970.0,850.0,180.0,37.467864559108264,Type III
173.54,50.05,173.53,164.77,6.47,1006.2,793.5,28.0,37.77859752062648,Type III
151.8,178.1,138.7,167.5,18.3,944.0,694.6,28.0,37.07650193402127,Type II
214.9,53.8,121.89,155.63,9.61,1014.3,780.58,3.0,17.92646123749192,Type III
213.72,98.05,24.51,181.71,6.86,1065.8,785.38,3.0,16.942500129079836,Type II
332.5,142.5,0.0,228.0,0.0,932.0,594.0,90.0,38.473631350214504,Type I
288.0,192.0,0.0,192.0,0.0,932.0,717.8,3.0,16.38376655377725,Type I
155.6,243.5,0.0,180.3,10.7,1022.0,697.7,28.0,37.88111562420847,Type III
376.0,0.0,0.0,214.6,0.0,1003.5,762.36,3.0,15.289415735312595,Type I
194.68,0.0,100.52,170.17,7.48,998.0,901.8,100.0,45.432106845308056,Type III
298.1,0.0,107.0,186.4,6.1,879.0,815.2,,43.35633851062347,Type I
153.0,145.0,113.0,178.0,8.0,867.0,824.0,28.0,26.86361325096933,Type I
349.0,0.0,0.0,192.0,0.0,1056.0,809.0,90.0,42.23442808725604,Type I
540.0,0.0,0.0,173.0,0.0,1125.0,613.0,270.0,73.48350413835959,Type II
194.68,0.0,100.52,165.62,7.48,1006.4,905.9,3.0,12.52242790980603,Type I
262.0,111.0,86.0,195.0,5.0,895.0,733.0,28.0,33.88435516411606,Type I
145.0,0.0,134.0,181.0,11.0,979.0,812.0,28.0,13.149158524359564,Type I
491.0,26.0,123.0,210.0,3.93,882.0,699.0,56.0,59.75497910462574,Type III
287.3,120.5,93.9,187.6,9.2,904.4,695.9,28.0,43.354388668230726,Type III
298.0,0.0,107.0,210.0,11.0,880.0,744.0,28.0,32.653870072248445,Type I
203.5,135.7,0.0,185.7,0.0,1076.2,759.3,28.0,22.873761420543357,Type I
317.9,0.0,126.5,209.7,5.7,860.5,736.6,28.0,40.01614996792743,Type I
102.0,153.0,0.0,192.0,0.0,887.0,942.0,28.0,16.68582609518369,Type III
374.0,189.2,0.0,170.1,10.1,926.1,756.7,91.0,64.56290887060472,Type II
349.0,0.0,0.0,192.0,0.0,1056.0,809.0,7.0,9.692732746356224,Type II
362.6,189.0,0.0,164.9,,944.7,755.8,56.0,77.5428690863601,Type I
305.3,203.5,0.0,203.5,0.0,965.4,631.0,90.0,54.69212304887202,Type II
331.0,0.0,0.0,192.0,0.0,1025.0,821.0,120.0,39.66692072256432,Type I
331.0,0.0,0.0,192.0,0.0,978.0,825.0,28.0,31.042309949458623,Type II
362.6,189.0,0.0,164.9,11.6,944.7,755.8,7.0,55.405958707641595,Type I
167.95,42.08,163.83,121.75,5.72,1058.7,780.11,28.0,23.883468085436032,Type III
122.6,183.9,0.0,203.5,0.0,958.2,800.1,7.0,10.510105563571596,Type I
425.0,106.3,0.0,153.5,16.5,852.1,887.1,7.0,49.03055342132696,Type II
178.03,129.8,118.6,179.94,3.57,1007.3,746.8,14.0,34.40872181896085,Type II
165.0,0.02,143.57,163.81,0.0,1005.6,900.9,14.0,17.173583510625733,Type II
296.0,0.0,0.0,192.0,0.0,1085.0,765.0,7.0,14.604269829309061,Type II
381.4,0.0,0.0,185.7,0.0,1104.6,784.3,7.0,14.055986709810178,Type I
310.0,0.0,0.0,192.0,0.0,970.0,850.0,28.0,27.805272014993683,Type III
173.0,116.0,0.0,192.0,0.0,946.8,856.8,3.0,7.868706549397131,Type I
425.0,106.3,0.0,151.4,18.6,936.0,803.7,28.0,61.88660893313401,Type II
304.0,76.0,0.0,228.0,0.0,932.0,670.0,90.0,48.716186623731794,Type III
401.8,94.7,0.0,147.4,11.4,946.8,852.1,56.0,73.49589092840802,Type I
356.0,119.0,0.0,160.0,9.03,1061.0,657.0,28.0,59.27386010613683,Type III
154.8,0.0,142.8,193.3,9.1,877.2,867.7,28.0,9.432730204097467,Type II
212.07,0.0,121.62,180.31,5.69,1057.6,779.32,56.0,35.23139037225083,Type II
305.3,203.5,0.0,203.5,0.0,965.4,631.0,7.0,26.556676710547535,Type II
136.0,196.0,98.0,199.0,6.0,847.0,783.0,28.0,26.723319384375632,Type I
302.0,0.0,0.0,203.0,0.0,974.0,817.0,14.0,18.50926317974031,Type II
266.0,114.0,0.0,228.0,0.0,932.0,670.0,,45.413756687669355,Type II
289.0,133.7,0.0,194.9,5.5,924.1,760.1,28.0,46.45714498017863,Type II
237.5,237.5,0.0,228.0,0.0,932.0,594.0,28.0,29.299022840779067,Type I
173.81,93.37,159.9,172.34,9.73,1007.2,746.6,56.0,49.51985578285719,Type I
183.9,122.6,0.0,203.5,0.0,959.2,800.0,3.0,5.093373136192984,Type II
250.0,0.0,95.69,,5.53,956.86,861.17,100.0,42.033959197024345,Type I
290.35,0.0,96.18,168.08,9.41,961.18,865.0,100.0,48.18955056731727,Type II
339.0,0.0,0.0,185.0,,1069.0,754.0,28.0,31.68088291612869,Type II
228.0,342.1,0.0,185.7,0.0,955.8,674.3,28.0,39.10732332488872,Type II
307.0,0.0,0.0,193.0,0.0,968.0,812.0,3.0,12.620449159646883,Type I
297.0,0.0,0.0,186.0,0.0,1040.0,734.0,7.0,31.919195297412475,Type I
500.0,0.0,0.0,,0.0,1125.0,613.0,28.0,44.91367927790226,Type I
212.57,0.0,100.39,159.35,10.37,1003.8,903.79,56.0,45.00577028940652,Type I
236.0,0.0,0.0,193.0,0.0,968.0,885.0,365.0,24.72114171412869,Type I
168.88,42.22,124.25,158.33,10.83,1080.8,796.15,56.0,39.305013350006575,Type I
190.34,0.0,125.18,166.61,9.88,1079.0,798.9,3.0,12.7351374798557,Type II
318.8,212.5,0.0,155.7,14.3,852.1,880.4,56.0,67.23578899271139,Type III
525.0,0.0,0.0,189.0,0.0,1125.0,613.0,90.0,58.933345896690064,Type I
400.0,0.0,0.0,187.0,0.0,1025.0,745.0,7.0,30.215415104939474,Type I
164.0,163.0,128.0,197.0,8.0,961.0,641.0,28.0,26.751178840123373,Type I
393.0,0.0,0.0,192.0,0.0,940.6,785.6,7.0,27.24576646220902,Type II
322.0,0.0,0.0,203.0,0.0,974.0,800.0,,25.465666659150234,Type I
387.0,20.0,94.0,157.0,14.32,938.0,845.0,3.0,22.523783806908753,Type III
250.2,166.8,0.0,203.5,0.0,977.6,694.1,28.0,37.52260419976498,Type II
388.6,97.1,0.0,157.9,12.1,852.1,925.7,56.0,54.5064545888005,Type II
425.0,106.3,0.0,153.5,16.5,852.1,887.1,56.0,65.2868028483949,Type II
540.0,0.0,0.0,173.0,0.0,1125.0,613.0,,52.794237505717895,Type III
314.0,145.3,113.2,178.9,8.0,869.1,690.2,28.0,46.396421434176254,Type II
349.0,0.0,0.0,192.0,0.0,1047.0,806.0,3.0,14.730361953565392,Type I
108.3,162.4,0.0,203.5,,938.2,849.0,90.0,28.52830646725123,Type II
213.74,0.0,174.74,154.79,10.16,1053.5,776.35,100.0,49.58995246098648,Type I
173.54,50.05,173.53,164.77,6.47,1006.2,793.5,100.0,55.403385651786245,Type II
252.31,0.0,98.75,146.25,14.17,987.76,889.01,14.0,42.38948381180293,Type II
222.36,0.0,96.67,189.29,4.46,967.08,870.32,28.0,26.02630096022344,Type III
425.0,106.3,0.0,153.5,16.5,852.1,887.1,28.0,59.69702931820038,Type I
153.0,145.0,0.0,178.0,8.0,1000.0,822.0,28.0,18.980893095738892,Type I
236.0,0.0,0.0,194.0,0.0,968.0,885.0,90.0,21.248126478903757,Type II
375.0,93.8,0.0,126.6,,852.1,992.6,56.0,59.79673733802458,Type I
141.9,166.6,129.7,173.5,10.9,882.6,785.3,28.0,44.858348333257226,Type I
194.68,0.0,100.52,165.62,7.48,1006.4,905.9,56.0,33.39308350512363,Type III
236.0,0.0,0.0,193.0,0.0,968.0,885.0,180.0,24.399755580879198,Type II
251.37,0.0,118.27,188.45,6.35,1028.4,757.73,3.0,14.154681449081776,Type II
182.04,45.21,121.97,170.21,8.19,1059.4,780.65,100.0,49.39561155906567,Type I
250.0,180.0,95.0,159.0,9.45,860.0,800.0,28.0,68.25655954747428,Type I
469.0,117.2,0.0,137.8,,852.1,840.5,28.0,66.861134549637,Type I
337.9,189.0,0.0,174.9,9.5,944.7,755.8,91.0,68.46928795810138,Type III
190.68,0.0,125.4,162.14,7.77,1090.0,804.01,56.0,35.103716968697995,Type I
167.0,75.4,167.0,164.03,7.91,1007.3,770.1,28.0,42.65252351833944,Type II
238.05,0.0,94.11,186.66,7.0,949.91,847.01,28.0,30.48927238768093,Type I
250.0,0.0,95.69,191.84,5.33,948.9,857.2,3.0,8.643638665233286,Type I
382.0,0.0,0.0,185.0,0.0,1047.0,739.0,28.0,37.527938165662725,Type III
500.0,0.0,0.0,,0.0,1125.0,613.0,90.0,47.68842867547733,Type III
312.9,160.5,0.0,177.6,9.6,916.6,759.5,28.0,51.0190575605478,Type II
540.0,0.0,0.0,173.0,0.0,1125.0,613.0,3.0,43.044782862236275,Type III
162.0,207.0,172.0,216.0,10.0,822.0,638.0,28.0,39.764502480237255,Type II
362.6,189.0,0.0,,11.6,944.7,755.8,28.0,70.81644426254489,Type II
375.0,0.0,0.0,186.0,0.0,1038.0,758.0,7.0,26.330338254758594,Type I
285.0,190.0,0.0,163.0,7.6,1031.0,685.0,28.0,53.783206383418374,Type II
236.9,91.7,71.5,246.9,6.0,852.9,695.4,28.0,28.390422138239153,Type I
252.0,0.0,0.0,185.0,0.0,1111.0,784.0,28.0,19.88808808500266,Type I
349.0,0.0,0.0,192.0,0.0,1056.0,809.0,120.0,40.2966007433802,Type III
148.1,0.0,136.6,158.1,16.1,1001.8,830.1,28.0,17.176646832197203,Type II
166.09,0.0,163.27,176.46,4.49,1058.6,780.09,3.0,10.828684343385978,Type III
250.0,0.0,0.0,182.0,0.0,1100.0,820.0,7.0,13.159427714258106,Type I
152.7,144.7,0.0,178.1,8.0,999.7,822.2,28.0,19.295132499109602,Type II
296.0,0.0,0.0,,0.0,1085.0,765.0,90.0,28.684248352103676,Type I
326.0,0.0,138.0,199.0,11.0,801.0,792.0,28.0,40.48496247323923,Type I
149.0,117.6,91.7,182.9,7.1,953.4,780.3,28.0,23.57949930273697,Type II
307.0,0.0,0.0,193.0,0.0,968.0,812.0,28.0,26.982092520514467,Type II
261.0,100.0,78.0,201.0,9.0,864.0,761.0,,32.094654067313265,Type II
255.0,99.0,77.0,189.0,6.0,919.0,749.0,28.0,33.026711910878554,Type III
528.0,0.0,0.0,,6.86,920.0,720.0,28.0,57.04427972176828,Type I
132.0,206.5,160.9,178.9,5.5,866.9,735.6,28.0,33.68627457574305,Type II
424.0,22.0,132.0,168.0,8.92,822.0,750.0,28.0,73.11954334007187,Type II
212.0,0.0,124.78,159.0,,1085.4,799.54,56.0,45.32255098126331,Type II
298.0,0.0,107.0,186.0,6.0,879.0,815.0,28.0,41.88708490927653,Type I
250.0,0.0,95.69,191.84,5.33,948.9,857.2,28.0,27.144655263211387,Type III
387.0,20.0,94.0,157.0,11.61,938.0,845.0,56.0,60.96231639907331,Type II
439.0,177.0,0.0,186.0,11.1,884.9,707.9,7.0,55.51910115839712,Type III
212.0,141.3,0.0,203.5,0.0,973.4,750.0,3.0,6.4222911256218795,Type I
213.72,98.05,24.51,181.71,6.86,1065.8,785.38,56.0,50.62192234650869,Type II
155.0,183.0,0.0,193.0,9.0,877.0,868.0,28.0,23.82997743412949,Type I
236.0,0.0,0.0,194.0,0.0,968.0,885.0,28.0,18.340254349883736,Type I
236.0,157.0,0.0,192.0,0.0,972.6,749.1,7.0,20.386366245363753,Type III
218.85,0.0,124.13,158.49,11.33,1078.7,794.91,100.0,46.4051057501761,Type II
159.8,250.0,0.0,168.4,12.2,1049.3,688.2,28.0,39.19408792461429,Type III
296.0,0.0,107.0,221.0,11.0,819.0,778.0,,30.871661625577218,Type II
213.72,98.05,24.51,181.71,6.86,1065.8,785.38,100.0,52.60166513608635,Type I
525.0,0.0,0.0,189.0,0.0,1125.0,613.0,7.0,41.927609948279844,Type II
166.8,250.2,0.0,203.5,0.0,975.6,692.6,7.0,15.616991555841915,Type I
251.81,0.0,99.94,146.14,12.35,1006.0,899.76,56.0,44.16608400842554,Type I
141.3,212.0,0.0,203.5,,971.8,748.5,28.0,30.588959243762215,Type II
172.38,13.61,172.37,156.76,4.14,1006.3,856.4,3.0,21.37126369198674,Type I
184.0,86.0,190.0,213.0,6.0,923.0,623.0,28.0,22.50879190005651,Type I
173.0,116.0,0.0,192.0,0.0,946.8,856.8,90.0,31.982941074989125,Type II
277.19,97.82,24.46,160.7,,1061.7,782.46,100.0,66.55819312688918,Type III
212.52,0.0,100.37,,8.71,1007.8,903.59,100.0,43.08136825180883,Type II
281.0,0.0,0.0,186.0,0.0,1104.0,774.0,7.0,13.51193639439143,Type I
200.0,0.0,0.0,180.0,0.0,1125.0,845.0,7.0,8.435291787206786,Type II
325.0,0.0,0.0,184.0,,1063.0,783.0,28.0,30.722215844450865,Type II
251.37,0.0,118.27,188.45,6.35,1028.4,757.73,56.0,37.387470481589816,Type I
376.0,0.0,0.0,214.6,0.0,1003.5,762.36,28.0,32.91988562837299,Type III
516.0,0.0,0.0,162.0,8.2,801.0,802.0,28.0,41.25057500639451,Type II
167.95,42.08,163.83,121.75,5.72,1058.7,780.11,3.0,7.775839485248741,Type I
374.3,0.0,0.0,190.2,6.7,1013.2,730.4,28.0,38.761111337122195,Type I
280.0,129.0,100.0,172.0,9.0,825.0,805.0,28.0,52.30477873895278,Type III
446.0,24.0,79.0,,11.64,967.0,712.0,28.0,44.920729437001015,Type I
213.74,0.0,174.74,154.79,10.16,1053.5,776.35,56.0,47.21627183520036,Type I
491.0,26.0,123.0,201.0,3.93,822.0,699.0,7.0,37.697067691849924,Type I
400.0,0.0,0.0,187.0,0.0,1025.0,745.0,28.0,43.61792689226007,Type I
322.2,0.0,115.6,196.0,10.4,817.9,813.4,28.0,30.167894876019027,Type III
500.0,0.0,0.0,200.0,,1125.0,613.0,180.0,50.834358135518315,Type II
154.8,183.4,0.0,193.3,9.1,877.2,867.7,,24.066090211605854,Type I
133.1,210.2,0.0,195.7,3.1,949.4,795.3,28.0,28.906435689444375,Type II
254.0,0.0,0.0,198.0,0.0,968.0,863.0,180.0,28.45411195424614,Type II
158.0,0.0,195.0,220.0,11.0,898.0,713.0,28.0,8.981364723434877,Type II
144.0,0.0,175.0,158.0,18.0,943.0,844.0,,14.460863084674122,Type I
203.5,305.3,0.0,203.5,0.0,963.4,630.0,7.0,18.58505929543835,Type III
153.0,145.0,113.0,178.0,8.0,1002.0,689.0,28.0,26.386979446028647,Type II
193.5,290.2,0.0,185.7,0.0,998.2,704.3,28.0,32.18030003825406,Type I
150.9,0.0,183.9,166.6,11.6,991.2,772.2,,16.667858603076397,Type I
135.7,203.5,0.0,185.7,0.0,1076.2,759.3,28.0,18.78457797735808,Type III
525.0,0.0,0.0,189.0,0.0,1125.0,613.0,180.0,62.07166340391867,Type III
379.5,151.2,0.0,153.9,15.9,1134.3,605.0,3.0,28.886500090446997,Type I
229.68,0.0,118.16,195.23,6.13,1028.1,757.63,56.0,31.186965061195114,Type III
203.5,305.3,0.0,203.5,0.0,963.4,630.0,28.0,41.95315495947494,Type I
146.0,173.0,0.0,182.0,3.0,986.0,817.0,28.0,23.4999533269036,Type I
389.9,189.0,0.0,145.9,22.0,944.7,755.8,56.0,79.46314511183097,Type II
359.0,19.0,141.0,154.0,10.91,942.0,801.0,28.0,59.103882293744476,Type III
237.5,237.5,0.0,228.0,0.0,932.0,594.0,270.0,38.84617787875147,Type III
480.0,0.0,0.0,192.0,0.0,936.2,712.2,3.0,24.49522386738554,Type III
388.6,97.1,0.0,157.9,12.1,852.1,925.7,91.0,56.95251236642387,Type II
122.6,183.9,0.0,203.5,,958.2,800.1,,25.125463718913164,Type I
162.0,214.0,164.0,202.0,10.0,820.0,680.0,28.0,30.559518972050654,Type I
273.0,0.0,90.0,199.0,11.0,931.0,762.0,28.0,32.549340909011576,Type III
140.0,133.0,103.0,200.0,7.0,916.0,753.0,28.0,36.317276000559566,Type I
136.4,161.6,125.8,171.6,10.4,922.6,764.4,28.0,29.750920959855172,Type I
349.0,0.0,0.0,192.0,0.0,1056.0,809.0,28.0,34.42536752174414,Type II
425.0,106.3,0.0,153.5,16.5,852.1,887.1,7.0,49.81600764635957,Type I
210.7,316.1,0.0,185.7,0.0,977.0,689.3,7.0,22.029942743447492,Type I
229.68,0.0,118.16,195.23,6.13,1028.1,757.63,14.0,21.85605606281095,Type III
480.0,0.0,0.0,192.0,0.0,936.0,721.0,90.0,53.430959201016364,Type II
135.7,203.5,0.0,185.7,0.0,1076.2,759.3,7.0,7.48456817293873,Type III
288.0,192.0,0.0,192.0,0.0,932.0,717.8,7.0,23.34882250439152,Type I
178.03,129.8,118.6,179.94,3.57,1007.3,746.8,100.0,50.20593819075923,Type I
239.6,359.4,0.0,185.7,0.0,941.6,664.3,7.0,24.622223519748143,Type II
132.0,207.0,161.0,179.0,5.0,867.0,736.0,28.0,33.423252529256445,Type I
298.0,0.0,107.0,164.0,13.0,953.0,784.0,28.0,36.099560277683416,Type I
212.07,0.0,121.62,180.31,5.69,1057.6,779.32,28.0,23.439148774998866,Type I
333.0,17.5,163.0,,17.9,996.0,652.0,28.0,47.028903307441006,Type I
302.0,0.0,0.0,203.0,0.0,974.0,817.0,180.0,25.936830646294762,Type I
145.0,116.0,119.0,184.0,5.7,833.0,880.0,28.0,28.600916814919003,Type I
385.0,0.0,0.0,186.0,0.0,966.0,763.0,14.0,27.88424432906772,Type II
149.0,236.0,0.0,176.0,13.0,847.0,893.0,28.0,32.95809676807175,Type I
190.34,0.0,125.18,,9.88,1088.1,802.59,56.0,37.89402996056204,Type II
198.6,132.4,0.0,192.0,0.0,978.4,825.5,360.0,44.61540518032155,Type I
331.0,0.0,0.0,192.0,0.0,978.0,825.0,180.0,38.75634566524401,Type I
250.0,0.0,0.0,182.0,0.0,1100.0,820.0,28.0,21.21686731211872,Type I
167.0,187.0,195.0,185.0,7.0,898.0,636.0,28.0,23.635736718700432,Type II
277.0,0.0,0.0,191.0,0.0,968.0,856.0,28.0,25.739691474044058,Type II
296.0,0.0,0.0,186.0,0.0,1090.0,769.0,7.0,19.188901258189603,Type I
333.0,0.0,0.0,,,931.2,842.6,28.0,31.97080535634736,Type I
310.0,0.0,0.0,192.0,0.0,1012.0,830.0,120.0,38.7436367297072,Type III
158.4,0.0,194.9,219.7,11.0,897.7,712.9,28.0,7.991298152600285,Type III
133.0,200.0,0.0,192.0,0.0,927.4,839.2,90.0,37.35243857169392,Type II
475.0,118.8,0.0,181.1,8.9,852.1,781.5,7.0,55.457152315196744,Type I
393.0,0.0,0.0,192.0,0.0,940.0,758.0,28.0,39.812952972491146,Type I
331.0,0.0,0.0,192.0,0.0,1025.0,821.0,7.0,17.532636738097047,Type II
316.1,210.7,0.0,185.7,0.0,977.0,689.3,,38.834935256290365,Type II
165.0,0.02,143.57,163.81,0.0,1005.6,900.9,3.0,14.470940621135593,Type I
491.0,26.0,123.0,210.0,3.93,882.0,699.0,7.0,33.19587044807044,Type I
380.0,95.0,0.0,228.0,0.0,932.0,594.0,180.0,40.22140701947538,Type II
198.6,132.4,0.0,192.0,0.0,978.4,825.5,180.0,41.28865174887187,Type I
295.0,0.0,0.0,185.0,0.0,1069.0,769.0,28.0,25.049763449616243,Type II
153.0,239.0,0.0,200.0,,1002.0,684.0,28.0,26.894990942029366,Type II
190.68,0.0,125.4,162.14,7.77,1090.0,804.01,14.0,20.869641841795715,Type II
362.6,189.0,0.0,164.9,11.6,944.7,755.8,28.0,71.4050001753161,Type III
342.0,38.0,0.0,228.0,0.0,932.0,670.0,,52.802107000552745,Type II
155.0,184.0,143.0,194.0,,880.0,699.0,28.0,28.0673911481148,Type I
213.72,98.05,24.51,181.71,6.86,1065.8,785.38,14.0,30.962002491658463,Type II
387.0,20.0,94.0,157.0,13.93,938.0,845.0,3.0,25.430930883927044,Type III
382.0,0.0,0.0,186.0,0.0,1047.0,739.0,7.0,25.085627854040272,Type I
376.0,0.0,0.0,214.6,0.0,1003.5,762.36,100.0,42.640614677254206,Type III
181.38,0.0,167.01,169.59,7.56,1055.6,777.8,100.0,45.70699429388112,Type I
251.37,0.0,118.27,192.94,5.75,1043.6,754.3,3.0,12.348783006287496,Type II
236.0,157.0,0.0,192.0,0.0,972.6,749.1,3.0,13.392227046996549,Type I
397.0,17.2,158.0,167.0,20.8,967.0,633.0,28.0,55.87651076496289,Type I
382.5,0.0,0.0,185.7,0.0,1047.8,739.3,28.0,37.130695751951855,Type I
355.0,19.0,97.0,145.0,12.25,967.0,871.0,28.0,54.36602215677858,Type III
337.9,189.0,0.0,,9.5,944.7,755.8,28.0,49.48926949772902,Type I
310.0,0.0,0.0,192.0,0.0,971.0,850.6,3.0,9.2754644972896,Type III
446.0,24.0,79.0,162.0,11.61,967.0,712.0,28.0,56.97339145873434,Type III
157.0,236.0,0.0,192.0,0.0,935.4,781.2,90.0,43.87781950060428,Type II
401.8,94.7,0.0,147.4,11.4,946.8,852.1,28.0,68.3595354288115,Type I
321.4,0.0,127.9,182.5,11.5,870.1,779.7,28.0,37.410936852795,Type III
284.0,15.0,141.0,179.0,5.46,842.0,801.0,3.0,13.727885087937233,Type II
159.0,149.0,116.0,175.0,15.0,953.0,720.0,28.0,28.105359076171776,Type II
279.8,128.9,100.4,172.4,9.5,825.1,804.9,28.0,52.93172875913139,Type III
266.0,114.0,0.0,228.0,0.0,932.0,670.0,180.0,49.738644976768555,Type I
310.0,0.0,0.0,192.0,0.0,970.0,850.0,90.0,35.055592919711856,Type I
304.0,76.0,0.0,228.0,0.0,932.0,670.0,28.0,47.36147446050312,Type I
286.3,200.9,0.0,144.7,11.2,1004.6,803.7,56.0,73.21281181475003,Type II
342.0,38.0,0.0,228.0,0.0,932.0,670.0,90.0,50.14543410695775,Type I
387.0,20.0,94.0,157.0,13.93,938.0,845.0,7.0,45.54107698150479,Type I
500.0,0.0,0.0,140.0,4.0,966.0,853.0,28.0,67.95066289078643,Type I
222.36,0.0,96.67,189.29,4.46,967.08,870.32,56.0,29.892038521139945,Type II
385.0,0.0,0.0,186.0,0.0,966.0,763.0,1.0,5.564555313071856,Type II
190.34,0.0,125.18,161.85,9.88,1088.1,802.59,28.0,28.556107429466962,Type I
155.0,0.0,143.0,193.0,9.0,877.0,868.0,28.0,9.379414506370537,Type I
349.0,0.0,0.0,192.0,0.0,1047.0,806.0,180.0,40.7069582687123,Type II
237.5,237.5,0.0,228.0,0.0,932.0,594.0,90.0,33.28618767014296,Type III
133.0,210.0,0.0,196.0,3.0,949.0,795.0,28.0,30.586042955198632,Type I
275.07,0.0,121.35,159.48,,1053.6,777.5,56.0,56.200542387397945,Type II
500.0,0.0,0.0,200.0,0.0,1125.0,613.0,7.0,32.1731530100719,Type III
166.8,250.2,0.0,203.5,0.0,975.6,692.6,90.0,42.620405889951925,Type II
310.0,0.0,0.0,192.0,0.0,1012.0,830.0,90.0,35.93690092690177,Type II
168.88,42.22,124.25,158.33,10.83,1080.8,796.15,14.0,22.97244356150762,Type II
288.0,192.0,0.0,192.0,,932.0,717.8,90.0,49.88735433989011,Type I
250.0,0.0,95.69,187.42,5.53,956.86,861.17,28.0,29.041656312910064,Type I
331.0,0.0,0.0,192.0,0.0,1025.0,821.0,3.0,14.484461474281613,Type I
167.35,129.9,128.62,175.46,7.79,1006.3,746.6,100.0,53.67474584412037,Type II
213.5,0.0,174.24,159.21,11.66,1043.6,771.9,56.0,50.83718548810186,Type I
231.75,0.0,121.62,,6.72,1056.4,778.45,14.0,27.412112414880077,Type III
525.0,0.0,0.0,189.0,0.0,1125.0,613.0,3.0,33.957374022399435,Type II
140.0,164.0,128.0,237.0,6.0,869.0,656.0,28.0,35.798343912071026,Type II
231.75,0.0,121.62,173.96,6.72,1056.4,778.45,3.0,15.649564608930506,Type I
190.68,0.0,125.4,162.14,7.77,1090.0,804.01,28.0,26.19322820718518,Type I
337.9,189.0,0.0,174.9,9.5,944.7,755.8,56.0,60.91821121785978,Type II
181.9,272.8,0.0,185.7,0.0,1012.4,714.3,28.0,28.015230345402063,Type I
331.0,0.0,0.0,192.0,0.0,1025.0,821.0,90.0,38.6379380896959,Type I
475.0,0.0,0.0,162.0,9.5,1044.0,662.0,28.0,58.307160095212446,Type III
200.0,133.0,0.0,192.0,0.0,965.4,806.2,7.0,17.423531132812233,Type I
446.0,24.0,79.0,162.0,11.64,967.0,712.0,3.0,24.71006663722281,Type I
322.0,0.0,0.0,203.0,0.0,974.0,800.0,14.0,21.300904765591437,Type I
331.0,0.0,0.0,192.0,0.0,978.0,825.0,3.0,13.476578737985463,Type III
401.8,94.7,0.0,147.4,11.4,946.8,852.1,7.0,54.134865208108856,Type I
295.8,0.0,0.0,185.7,0.0,1091.4,769.3,7.0,14.892563992374168,Type II
500.1,0.0,0.0,200.0,3.0,1124.4,613.2,28.0,44.31838931763448,Type III
540.0,0.0,0.0,162.0,2.5,1055.0,676.0,28.0,60.95841503430085,Type III
298.1,0.0,107.5,163.6,12.8,953.2,784.0,28.0,35.17915059951512,Type II
166.0,259.7,0.0,183.2,12.7,858.8,826.8,28.0,37.23775613637126,Type III
397.0,0.0,0.0,185.7,0.0,1040.6,734.3,28.0,33.48783675479585,Type I
144.0,15.0,195.0,176.0,6.0,1021.0,709.0,28.0,15.169401569221217,Type III
425.0,106.3,0.0,153.5,16.5,852.1,887.1,3.0,32.852135623640955,Type III
212.07,0.0,121.62,180.31,5.69,1057.6,779.32,14.0,20.638398021576347,Type I
190.0,190.0,0.0,228.0,0.0,932.0,670.0,365.0,52.6160622516954,Type III
313.3,145.0,0.0,178.5,8.0,867.2,824.0,28.0,41.12312635635487,Type II
281.0,0.0,0.0,186.0,0.0,1104.0,774.0,28.0,22.8273438723993,Type I
424.0,22.0,132.0,178.0,8.48,882.0,750.0,3.0,32.06310477992473,Type III
190.34,0.0,125.18,166.61,9.88,1079.0,798.9,14.0,19.45208120900776,Type III
250.0,0.0,95.69,191.84,5.33,948.9,857.2,56.0,39.18670954046329,Type I
325.6,166.4,0.0,174.0,8.9,881.6,790.0,28.0,61.73462697846012,Type III
214.9,53.8,121.89,155.63,9.61,1014.3,780.58,28.0,52.54665583790891,Type III
362.6,189.0,0.0,164.9,11.6,944.7,755.8,3.0,36.19935161146348,Type II
297.16,0.0,117.54,174.8,9.52,1022.8,753.45,3.0,21.452483788291712,Type I
284.0,120.0,0.0,168.0,7.0,970.0,794.0,28.0,39.61882505158547,Type III
158.8,238.2,0.0,185.7,0.0,1040.6,734.3,,20.6380005852954,Type I
213.74,0.0,174.74,154.79,10.16,1053.5,776.35,14.0,32.98944380843014,Type II
339.0,0.0,0.0,185.0,0.0,1069.0,754.0,7.0,20.820696909352947,Type I
229.68,0.0,118.16,195.23,6.13,1028.1,757.63,28.0,23.739651255202283,Type III
190.0,190.0,0.0,228.0,0.0,932.0,670.0,90.0,42.34993301362663,Type I
251.81,0.0,99.94,146.14,12.35,1006.0,899.76,14.0,33.954144990256864,Type II
339.0,0.0,0.0,197.0,0.0,968.0,781.0,14.0,26.966278360460443,Type I
520.0,0.0,0.0,175.0,5.2,870.0,805.0,28.0,51.1546331981477,Type I
231.75,0.0,121.62,173.96,6.72,1056.4,778.45,100.0,44.58972906983496,Type III
375.0,93.8,0.0,126.6,23.4,852.1,992.6,91.0,62.225941758531725,Type I
310.0,143.0,0.0,168.0,10.0,914.0,804.0,28.0,45.868350968012734,Type I
427.5,47.5,0.0,228.0,,932.0,594.0,180.0,41.95243716526278,Type II
250.2,166.8,0.0,203.5,0.0,977.6,694.1,90.0,47.5179707254693,Type II
525.0,0.0,0.0,189.0,0.0,1125.0,613.0,28.0,56.03874679364618,Type I
446.0,24.0,79.0,162.0,10.3,967.0,712.0,56.0,53.75583474780568,Type II
264.5,111.0,86.5,195.5,5.9,832.6,790.4,28.0,41.47623965754922,Type III
491.0,26.0,123.0,201.0,3.93,822.0,699.0,3.0,30.1753927477551,Type II
154.0,144.0,112.0,220.0,10.0,923.0,658.0,28.0,16.346351124465844,Type I
229.68,0.0,118.16,,6.13,1028.1,757.63,100.0,40.75161937032478,Type I
255.5,170.3,0.0,185.7,0.0,1026.6,724.3,28.0,31.419421608522516,Type I
155.0,183.0,0.0,193.0,9.0,1047.0,697.0,28.0,18.388705195700314,Type I
382.5,0.0,0.0,185.7,0.0,1047.8,739.3,7.0,23.568538966582576,Type I
303.6,139.9,0.0,213.5,6.2,895.5,722.5,28.0,33.86562499586586,Type II
305.3,203.5,0.0,203.5,0.0,965.4,631.0,3.0,14.173953661307582,Type II
143.0,169.4,142.7,190.7,8.4,967.4,643.5,28.0,29.41291062590849,Type I
233.81,0.0,94.58,197.89,4.567,947.04,852.16,3.0,9.74535635173083,Type I
296.0,0.0,0.0,192.0,0.0,1085.0,765.0,28.0,22.080658155943485,Type I
277.0,116.8,91.0,190.6,7.0,946.5,665.6,28.0,44.16758692489921,Type I
203.5,305.3,0.0,203.5,0.0,963.4,630.0,3.0,9.775746291905287,Type I
446.0,24.0,79.0,162.0,11.61,967.0,712.0,3.0,34.47003630732266,Type III
173.0,116.0,0.0,192.0,0.0,946.8,856.8,28.0,24.36809296120552,Type I
424.0,22.0,132.0,178.0,8.48,822.0,750.0,7.0,39.143321515711655,Type II
304.0,76.0,0.0,228.0,0.0,932.0,670.0,180.0,51.21483211941097,Type I
446.0,24.0,79.0,162.0,10.3,967.0,712.0,28.0,52.56711215128199,Type II
220.8,147.2,0.0,185.7,0.0,1055.0,744.3,28.0,26.072521632110842,Type II
356.0,0.0,142.0,,11.0,801.0,778.0,28.0,40.83392273133638,Type I
500.0,0.0,0.0,200.0,0.0,1125.0,613.0,3.0,26.07642159059158,Type II
250.0,0.0,95.69,187.42,5.53,956.86,861.17,56.0,38.91829129622607,Type III
139.6,209.4,0.0,192.0,0.0,1047.0,806.9,28.0,28.560734348862884,Type I
295.71,0.0,95.64,171.54,8.87,955.14,859.2,100.0,51.66326649149204,Type III
165.0,128.5,132.1,175.06,8.08,1005.8,746.6,100.0,55.69628613943357,Type I
362.6,189.0,0.0,164.9,11.6,944.7,755.8,56.0,77.18591691161086,Type I
251.37,0.0,118.27,188.45,5.75,1028.4,757.73,28.0,29.363471743303972,Type II
272.6,0.0,89.6,198.7,10.6,931.3,762.2,28.0,31.760541708182668,Type I
233.81,0.0,94.58,197.89,4.567,947.04,852.16,28.0,22.981802861070925,Type III
520.0,0.0,0.0,170.0,5.2,855.0,855.0,28.0,60.65297953515751,Type III
393.0,0.0,0.0,192.0,0.0,940.0,758.0,90.0,48.89163769013507,Type II
173.81,93.37,159.9,172.34,9.73,1007.2,746.6,,15.452540891072339,Type II
387.0,20.0,94.0,157.0,14.32,938.0,845.0,7.0,36.16467912402992,Type II
297.16,0.0,117.54,174.8,9.52,1022.8,753.45,100.0,57.04593524479426,Type I
331.0,0.0,0.0,,,978.0,825.0,360.0,41.59253831857964,Type III
277.05,0.0,97.39,160.6,11.83,973.9,875.61,100.0,55.96098466753739,Type II
141.3,212.0,0.0,203.5,0.0,971.8,748.5,7.0,10.025465632026188,Type III
323.7,282.8,0.0,183.8,10.3,942.7,659.9,28.0,74.95081261672793,Type I
133.0,200.0,0.0,192.0,0.0,927.4,839.2,28.0,27.984092225205472,Type I
159.0,187.0,0.0,,11.0,990.0,789.0,28.0,32.243996254486554,Type I
286.3,200.9,0.0,144.7,11.2,1004.6,803.7,3.0,23.729491765757444,Type II
246.83,0.0,125.08,143.3,11.99,1086.8,800.89,14.0,41.80892766584194,Type I
190.34,0.0,125.18,166.61,9.88,1079.0,798.9,100.0,34.070010384822034,Type I
475.0,118.8,0.0,181.1,8.9,852.1,781.5,28.0,68.36502515310792,Type III
314.0,0.0,113.0,170.0,10.0,925.0,783.0,,38.35879499110292,Type II
